doi_tuong,ly_do,bang_chung,rui_ro_khi_go,uu_tien
champion_selector cron 06:25,chay 50 ngay khong ghi bang nao,champion_selector_shadow last=2026-06-15,THAP,1
cohere rerank,26 ngay khong ghi; /api/health van khai dang do,cohere_rerank_log last=2026-07-09,THAP,1
3 lane *_SPECIALIST_ROSTER_V1,PLACEHOLDER_ONLY — chi giu cho ten,du_doan_test_experiments,THAP,1
3 lane *_NO_TOKEN_HERD_REDUCTION_V1,"tu khai LOGICAL_CLONE_ONLY, khong phai rerun that",idem,THAP,1
combo-no-token (DA RA 01/08),trung 88.3% top2 voi meta-learning,do trung lap 90d,DA GO,xong
smart-ml HOAC (xgboost+random-forest),"smart-ml la ensemble cua dung 2 cai kia — 3 phieu, 1 nguon tin",trung top2 77.7% va 81.7%,TRUNG BINH — can do truoc,2
sliding_window optimal_*,"dong bang 175 ngay, best_lift AM ca 3 mien",bang cai dat,THAP,2
20 lane ACTIVE_TEST khong nguong/khong han,"gan 3 thang, khong duong promote",du_doan_test_experiments,TRUNG BINH,3 (sau 08/08)
10 dong cron them trong 2 ngay (71->81),va trieu chung thoi gian bang cach them luot,crontab,TRUNG BINH,3 — thay bang event gate
