tier,target_region,rule_key,source_region,source_unit,source_prize,source_index,transform,family,axis,lag,window,weekday,station_set,days,hit_rate,hit_baseline,hit_lift_pp,db_day_rate,db_day_baseline,db_day_lift_pp,half_stable,score
C,MT,MN:Cà Mau:DB#1:FIRST2,MN,Cà Mau,DB,1,FIRST2,head,D-7,7,180,,Phú Yên|Thừa Thiên Huế,12,0.8333,0.3025,53.08,0.1667,0.02,14.67,2,85.3
C,MT,MN:Cà Mau:DB#1:FIRST2,MN,Cà Mau,DB,1,FIRST2,head,D-7,7,180,,Phú Yên|Thừa Thiên Huế,12,0.8333,0.3025,53.08,0.1667,0.02,14.67,2,85.3
C,MT,MN:Bến Tre:DB#1:LAST2,MN,Bến Tre,DB,1,LAST2,tail,D-6,6,180,,Phú Yên|Thừa Thiên Huế,12,0.9167,0.3025,61.42,0.0833,0.02,6.33,2,85.3
C,MT,MN:Vĩnh Long:G2#2:FIRST2_REV,MN,Vĩnh Long,G2,2,FIRST2_REV,head,D-3,3,180,,Huế|Phú Yên,12,0.8333,0.3058,52.75,0.1667,0.02,14.67,2,84.9
C,MB,MN:TP. HCM:G1#1:P4P1,MN,TP. HCM,G1,1,P4P1,position_pair,D-5,5,180,3,ALL,12,0.75,0.2342,51.58,0.0833,0.01,7.33,2,76.17
C,MB,MN:TP. HCM:G1#1:P4P1,MN,TP. HCM,G1,1,P4P1,position_pair,D-5,5,180,,Hà Nội,12,0.75,0.2342,51.58,0.0833,0.01,7.33,2,76.17
C,MT,MN:Vĩnh Long:G2#2:FIRST2_REV,MN,Vĩnh Long,G2,2,FIRST2_REV,head,D-3,3,180,0,ALL,13,0.7692,0.3054,46.38,0.1538,0.02,13.38,2,75.82
C,MT,MN:Kiên Giang:G1#1:FIRST2,MN,Kiên Giang,G1,1,FIRST2,head,D-1,1,180,,Phú Yên|Thừa Thiên Huế,12,0.75,0.3025,44.75,0.1667,0.02,14.67,2,75.3
C,MT,MN:Cà Mau:G2#2:LAST2_REV,MN,Cà Mau,G2,2,LAST2_REV,tail,D-6,6,180,6,ALL,12,0.75,0.4125,33.75,0.25,0.03,22.0,2,69.43
C,MT,MN:Cà Mau:G2#2:P4P3,MN,Cà Mau,G2,2,P4P3,adjacent_pair,D-6,6,180,6,ALL,12,0.75,0.4125,33.75,0.25,0.03,22.0,2,69.43
C,MT,MN:Đồng Nai:G1#1:TAIL_HEAD,MN,Đồng Nai,G1,1,TAIL_HEAD,head_tail_cross,D-5,5,180,,Huế|Phú Yên,13,0.7692,0.3038,46.54,0.0769,0.02,5.69,2,66.78
C,MT,MN:TP. HCM:G2#2:LAST2_REV,MN,TP. HCM,G2,2,LAST2_REV,tail,D-1,1,180,1,ALL,12,0.6667,0.3058,36.08,0.1667,0.02,14.67,2,64.9
C,MT,MN:TP. HCM:G2#2:LAST2_REV,MN,TP. HCM,G2,2,LAST2_REV,tail,D-1,1,180,,Quảng Nam|Đắk Lắk,12,0.6667,0.3058,36.08,0.1667,0.02,14.67,2,64.9
C,MT,MN:TP. HCM:G2#2:P4P3,MN,TP. HCM,G2,2,P4P3,adjacent_pair,D-1,1,180,1,ALL,12,0.6667,0.3058,36.08,0.1667,0.02,14.67,2,64.9
C,MT,MN:TP. HCM:G2#2:P4P3,MN,TP. HCM,G2,2,P4P3,adjacent_pair,D-1,1,180,,Quảng Nam|Đắk Lắk,12,0.6667,0.3058,36.08,0.1667,0.02,14.67,2,64.9
C,MT,MB:MB_BOARD:DB#1:P2P4,MB,MB_BOARD,DB,1,P2P4,position_pair,D-1,1,180,,Huế|Khánh Hòa|Kon Tum,16,0.75,0.4081,34.19,0.1875,0.03,15.75,2,63.27
C,MT,MN:Đà Lạt:G2#2:P3P2,MN,Đà Lạt,G2,2,P3P2,adjacent_pair,W-2,14,180,6,ALL,14,0.7857,0.4086,37.71,0.1429,0.03,11.29,2,62.25
A,MT,MB:MB_BOARD:DB#1:P2P4,MB,MB_BOARD,DB,1,P2P4,position_pair,D-1,1,180,6,ALL,25,0.76,0.4084,35.16,0.16,0.03,13.0,2,62.23
B,MT,MB:MB_BOARD:DB#1:P2P3,MB,MB_BOARD,DB,1,P2P3,adjacent_pair,D-6,6,180,2,ALL,24,0.625,0.2992,32.58,0.1667,0.02,14.67,2,61.9
B,MT,MB:MB_BOARD:DB#1:P2P3,MB,MB_BOARD,DB,1,P2P3,adjacent_pair,D-6,6,180,,Khánh Hòa|Đà Nẵng,24,0.625,0.2992,32.58,0.1667,0.02,14.67,2,61.9
C,MB,MN:TP. HCM:G2#2:TAIL_HEAD,MN,TP. HCM,G2,2,TAIL_HEAD,head_tail_cross,W-4,28,180,5,ALL,17,0.5882,0.24,34.82,0.1176,0.01,10.76,2,61.36
C,MB,MN:TP. HCM:G2#2:TAIL_HEAD,MN,TP. HCM,G2,2,TAIL_HEAD,head_tail_cross,W-4,28,180,,Nam Định,17,0.5882,0.24,34.82,0.1176,0.01,10.76,2,61.36
C,MB,MN:TP. HCM:G2#2:P4P1,MN,TP. HCM,G2,2,P4P1,position_pair,W-4,28,180,5,ALL,17,0.5882,0.24,34.82,0.1176,0.01,10.76,2,61.36
C,MB,MN:TP. HCM:G2#2:P4P1,MN,TP. HCM,G2,2,P4P1,position_pair,W-4,28,180,,Nam Định,17,0.5882,0.24,34.82,0.1176,0.01,10.76,2,61.36
C,MT,MN:Đà Lạt:G2#2:P3P2,MN,Đà Lạt,G2,2,P3P2,adjacent_pair,W-2,14,180,,Huế|Khánh Hòa|Kon Tum,12,0.75,0.41,34.0,0.1667,0.03,13.67,2,60.29
C,MT,MN:Cà Mau:G2#2:FIRST2_REV,MN,Cà Mau,G2,2,FIRST2_REV,head,D-5,5,180,5,ALL,12,0.8333,0.4175,41.58,0.0833,0.03,5.33,2,59.94
C,MT,MN:Cà Mau:G2#2:FIRST2_REV,MN,Cà Mau,G2,2,FIRST2_REV,head,D-5,5,180,,Quảng Ngãi|Đà Nẵng|Đắk Nông,12,0.8333,0.4175,41.58,0.0833,0.03,5.33,2,59.94
C,MT,MN:TP. HCM:G2#2:TAIL_HEAD,MN,TP. HCM,G2,2,TAIL_HEAD,head_tail_cross,D-3,3,180,1,ALL,14,0.6429,0.3057,33.71,0.1429,0.02,12.29,2,59.4
C,MT,MN:TP. HCM:G2#2:TAIL_HEAD,MN,TP. HCM,G2,2,TAIL_HEAD,head_tail_cross,D-3,3,180,,Quảng Nam|Đắk Lắk,14,0.6429,0.3057,33.71,0.1429,0.02,12.29,2,59.4
C,MT,MN:TP. HCM:G2#2:P4P1,MN,TP. HCM,G2,2,P4P1,position_pair,D-3,3,180,1,ALL,14,0.6429,0.3057,33.71,0.1429,0.02,12.29,2,59.4
C,MT,MN:TP. HCM:G2#2:P4P1,MN,TP. HCM,G2,2,P4P1,position_pair,D-3,3,180,,Quảng Nam|Đắk Lắk,14,0.6429,0.3057,33.71,0.1429,0.02,12.29,2,59.4
A,MT,MN:Sóc Trăng:G2#1:FIRST2_REV,MN,Sóc Trăng,G2,1,FIRST2_REV,head,W-2,14,180,2,ALL,26,0.6538,0.3,35.38,0.1154,0.02,9.54,2,59.31
A,MT,MN:Sóc Trăng:G2#1:FIRST2_REV,MN,Sóc Trăng,G2,1,FIRST2_REV,head,W-2,14,180,,Khánh Hòa|Đà Nẵng,26,0.6538,0.3,35.38,0.1154,0.02,9.54,2,59.31
C,MB,MN:Bình Dương:G2#2:LAST2_REV,MN,Bình Dương,G2,2,LAST2_REV,tail,D-5,5,180,2,ALL,13,0.6154,0.2362,37.92,0.0769,0.01,6.69,2,58.98
C,MB,MN:Bình Dương:G2#2:LAST2_REV,MN,Bình Dương,G2,2,LAST2_REV,tail,D-5,5,180,,Bắc Ninh,13,0.6154,0.2362,37.92,0.0769,0.01,6.69,2,58.98
C,MB,MN:Bình Dương:G2#2:P4P3,MN,Bình Dương,G2,2,P4P3,adjacent_pair,D-5,5,180,2,ALL,13,0.6154,0.2362,37.92,0.0769,0.01,6.69,2,58.98
C,MB,MN:Bình Dương:G2#2:P4P3,MN,Bình Dương,G2,2,P4P3,adjacent_pair,D-5,5,180,,Bắc Ninh,13,0.6154,0.2362,37.92,0.0769,0.01,6.69,2,58.98
C,MB,MT:Khánh Hòa:G2#1:P5P4,MT,Khánh Hòa,G2,1,P5P4,adjacent_pair,D-3,3,180,5,ALL,13,0.6154,0.2454,37.0,0.0769,0.01,6.69,2,57.87
C,MB,MT:Khánh Hòa:G2#1:P5P4,MT,Khánh Hòa,G2,1,P5P4,adjacent_pair,D-3,3,180,,Nam Định,13,0.6154,0.2454,37.0,0.0769,0.01,6.69,2,57.87
C,MT,MB:MB_BOARD:G1#1:SUM_UNIT_HEAD,MB,MB_BOARD,G1,1,SUM_UNIT_HEAD,digit_sum,D-6,6,180,,Huế|Phú Yên,13,0.5385,0.3038,23.46,0.2308,0.02,21.08,2,57.55
C,MT,MB:MB_BOARD:G2#1:P3P4,MB,MB_BOARD,G2,1,P3P4,adjacent_pair,D-5,5,180,,Huế|Phú Yên,13,0.6923,0.3038,38.85,0.0769,0.02,5.69,2,57.55
C,MT,MN:Vũng Tàu:DB#1:FIRST2_REV,MN,Vũng Tàu,DB,1,FIRST2_REV,head,D-6,6,180,,Huế|Phú Yên,13,0.6923,0.3038,38.85,0.0769,0.02,5.69,2,57.55
C,MT,MN:Hậu Giang:G2#2:FIRST2_REV,MN,Hậu Giang,G2,2,FIRST2_REV,head,D-3,3,180,1,ALL,13,0.6923,0.3062,38.62,0.0769,0.02,5.69,2,57.27
C,MT,MN:Hậu Giang:G2#2:FIRST2_REV,MN,Hậu Giang,G2,2,FIRST2_REV,head,D-3,3,180,,Quảng Nam|Đắk Lắk,13,0.6923,0.3062,38.62,0.0769,0.02,5.69,2,57.27
C,MT,MN:Hậu Giang:G2#2:FIRST2,MN,Hậu Giang,G2,2,FIRST2,head,D-6,6,180,4,ALL,13,0.6923,0.3092,38.31,0.0769,0.0185,5.85,2,57.05
C,MT,MN:Hậu Giang:G2#2:FIRST2,MN,Hậu Giang,G2,2,FIRST2,head,D-6,6,180,,Gia Lai|Ninh Thuận,13,0.6923,0.3092,38.31,0.0769,0.0185,5.85,2,57.05
C,MB,MT:Khánh Hòa:G2#2:P3P2,MT,Khánh Hòa,G2,2,P3P2,adjacent_pair,W-3,21,180,2,ALL,15,0.5333,0.2393,29.4,0.1333,0.01,12.33,2,56.85
C,MB,MT:Khánh Hòa:G2#2:P3P2,MT,Khánh Hòa,G2,2,P3P2,adjacent_pair,W-3,21,180,,Bắc Ninh,15,0.5333,0.2393,29.4,0.1333,0.01,12.33,2,56.85
C,MB,MN:Đồng Tháp:G2#2:FIRST2,MN,Đồng Tháp,G2,2,FIRST2,head,D-3,3,180,3,ALL,12,0.5,0.2325,26.75,0.1667,0.0092,15.75,1,56.72
C,MB,MN:Đồng Tháp:G2#2:FIRST2,MN,Đồng Tháp,G2,2,FIRST2,head,D-3,3,180,,Hà Nội,12,0.5,0.2325,26.75,0.1667,0.0092,15.75,1,56.72
C,MN,MT:Ninh Thuận:G2#2:FIRST2,MT,Ninh Thuận,G2,2,FIRST2,head,W-4,28,180,4,ALL,19,0.7368,0.4242,31.26,0.1579,0.03,12.79,2,56.71
C,MN,MT:Ninh Thuận:G2#2:FIRST2,MT,Ninh Thuận,G2,2,FIRST2,head,W-4,28,180,,Bình Dương|Trà Vinh|Vĩnh Long,19,0.7368,0.4242,31.26,0.1579,0.03,12.79,2,56.71
C,MT,MN:Bến Tre:G2#1:FIRST2_REV,MN,Bến Tre,G2,1,FIRST2_REV,head,D-5,5,180,,Huế|Khánh Hòa|Kon Tum,16,0.8125,0.4081,40.44,0.0625,0.03,3.25,2,56.61
C,MT,MN:Đồng Nai:G2#1:LAST2,MN,Đồng Nai,G2,1,LAST2,tail,D-4,4,180,,Huế|Khánh Hòa|Kon Tum,16,0.6875,0.4081,27.94,0.1875,0.03,15.75,2,55.77
C,MT,MN:TP. HCM:G2#2:FIRST2,MN,TP. HCM,G2,2,FIRST2,head,D-2,2,180,2,ALL,12,0.6667,0.2992,36.75,0.0833,0.02,6.33,2,55.7
C,MT,MN:TP. HCM:G2#2:FIRST2,MN,TP. HCM,G2,2,FIRST2,head,D-2,2,180,,Khánh Hòa|Đà Nẵng,12,0.6667,0.2992,36.75,0.0833,0.02,6.33,2,55.7
C,MB,MT:Đà Nẵng:G2#2:P3P2,MT,Đà Nẵng,G2,2,P3P2,adjacent_pair,W-3,21,180,2,ALL,15,0.6,0.2393,36.07,0.0667,0.01,5.67,2,55.51
C,MB,MT:Đà Nẵng:G2#2:P3P2,MT,Đà Nẵng,G2,2,P3P2,adjacent_pair,W-3,21,180,,Bắc Ninh,15,0.6,0.2393,36.07,0.0667,0.01,5.67,2,55.51
C,MT,MN:Bình Phước:G2#2:FIRST2,MN,Bình Phước,G2,2,FIRST2,head,W-4,28,180,5,ALL,17,0.6471,0.4159,23.12,0.2353,0.03,20.53,2,55.51
C,MT,MN:Bình Phước:G2#2:FIRST2,MN,Bình Phước,G2,2,FIRST2,head,W-4,28,180,,Quảng Ngãi|Đà Nẵng|Đắk Nông,17,0.6471,0.4159,23.12,0.2353,0.03,20.53,2,55.51
C,MT,MB:MB_BOARD:G1#1:P4P3,MB,MB_BOARD,G1,1,P4P3,adjacent_pair,D-3,3,180,,Phú Yên|Thừa Thiên Huế,12,0.6667,0.3025,36.42,0.0833,0.02,6.33,2,55.3
C,MT,MB:MB_BOARD:G2#1:P4P3,MB,MB_BOARD,G2,1,P4P3,adjacent_pair,D-2,2,180,,Phú Yên|Thừa Thiên Huế,12,0.6667,0.3025,36.42,0.0833,0.02,6.33,2,55.3
C,MT,MB:MB_BOARD:G2#2:TAIL_SUM_UNIT,MB,MB_BOARD,G2,2,TAIL_SUM_UNIT,digit_sum,D-1,1,180,,Phú Yên|Thừa Thiên Huế,12,0.6667,0.3025,36.42,0.0833,0.02,6.33,2,55.3
C,MT,MN:Bình Phước:G1#1:LAST2_REV,MN,Bình Phước,G1,1,LAST2_REV,tail,D-2,2,180,,Phú Yên|Thừa Thiên Huế,12,0.75,0.3025,44.75,0.0,0.02,-2.0,2,55.3
C,MT,MN:Bình Phước:DB#1:FIRST2,MN,Bình Phước,DB,1,FIRST2,head,D-2,2,180,,Phú Yên|Thừa Thiên Huế,12,0.6667,0.3025,36.42,0.0833,0.02,6.33,2,55.3
C,MT,MN:Long An:G2#1:FIRST2,MN,Long An,G2,1,FIRST2,head,D-2,2,180,,Phú Yên|Thừa Thiên Huế,12,0.6667,0.3025,36.42,0.0833,0.02,6.33,2,55.3
C,MT,MN:TP. HCM:DB#1:TAIL_HEAD,MN,TP. HCM,DB,1,TAIL_HEAD,head_tail_cross,W-2,14,180,,Phú Yên|Thừa Thiên Huế,12,0.5833,0.3025,28.08,0.1667,0.02,14.67,2,55.3
C,MT,MN:Cà Mau:G1#1:LAST2,MN,Cà Mau,G1,1,LAST2,tail,D-7,7,180,,Phú Yên|Thừa Thiên Huế,12,0.5833,0.3025,28.08,0.1667,0.02,14.67,2,55.3
C,MT,MN:Cà Mau:G1#1:LAST2,MN,Cà Mau,G1,1,LAST2,tail,D-7,7,180,,Phú Yên|Thừa Thiên Huế,12,0.5833,0.3025,28.08,0.1667,0.02,14.67,2,55.3
C,MT,MN:Đồng Tháp:DB#1:HEAD_TAIL,MN,Đồng Tháp,DB,1,HEAD_TAIL,head_tail_cross,W-2,14,180,,Phú Yên|Thừa Thiên Huế,12,0.5833,0.3025,28.08,0.1667,0.02,14.67,2,55.3
A,MB,MT:Bình Định:G1#1:HEAD_TAIL,MT,Bình Định,G1,1,HEAD_TAIL,head_tail_cross,W-3,21,180,3,ALL,25,0.52,0.234,28.6,0.12,0.0096,11.04,2,55.26
A,MB,MT:Bình Định:G1#1:HEAD_TAIL,MT,Bình Định,G1,1,HEAD_TAIL,head_tail_cross,W-3,21,180,,Hà Nội,25,0.52,0.234,28.6,0.12,0.0096,11.04,2,55.26
C,MB,MN:An Giang:G2#2:P3P2,MN,An Giang,G2,2,P3P2,adjacent_pair,W-4,28,180,3,ALL,15,0.6667,0.2327,43.4,0.0,0.0093,-0.93,2,55.05
C,MB,MN:An Giang:G2#2:P3P2,MN,An Giang,G2,2,P3P2,adjacent_pair,W-4,28,180,,Hà Nội,15,0.6667,0.2327,43.4,0.0,0.0093,-0.93,2,55.05
C,MN,MT:Bình Định:G2#2:LAST2,MT,Bình Định,G2,2,LAST2,tail,W-2,14,180,3,ALL,16,0.75,0.4206,32.94,0.125,0.03,9.5,2,54.69
C,MN,MT:Bình Định:G2#2:LAST2,MT,Bình Định,G2,2,LAST2,tail,W-2,14,180,,An Giang|Bình Thuận|Tây Ninh,16,0.75,0.4206,32.94,0.125,0.03,9.5,2,54.69
C,MB,MN:TP. HCM:DB#1:P6P5,MN,TP. HCM,DB,1,P6P5,adjacent_pair,D-5,5,180,3,ALL,12,0.6667,0.2342,43.25,0.0,0.01,-1.0,2,54.5
C,MB,MN:TP. HCM:DB#1:P6P5,MN,TP. HCM,DB,1,P6P5,adjacent_pair,D-5,5,180,,Hà Nội,12,0.6667,0.2342,43.25,0.0,0.01,-1.0,2,54.5
C,MB,MT:Đắk Lắk:G2#2:LAST2_REV,MT,Đắk Lắk,G2,2,LAST2_REV,tail,D-7,7,180,1,ALL,14,0.5,0.2371,26.29,0.1429,0.01,13.29,2,54.34
C,MB,MT:Đắk Lắk:G2#2:LAST2_REV,MT,Đắk Lắk,G2,2,LAST2_REV,tail,D-7,7,180,,Quảng Ninh,14,0.5,0.2371,26.29,0.1429,0.01,13.29,2,54.34
C,MB,MT:Đắk Lắk:G2#2:LAST2_REV,MT,Đắk Lắk,G2,2,LAST2_REV,tail,D-7,7,180,1,ALL,14,0.5,0.2371,26.29,0.1429,0.01,13.29,2,54.34
C,MB,MT:Đắk Lắk:G2#2:LAST2_REV,MT,Đắk Lắk,G2,2,LAST2_REV,tail,D-7,7,180,,Quảng Ninh,14,0.5,0.2371,26.29,0.1429,0.01,13.29,2,54.34
C,MB,MT:Đắk Lắk:G2#2:P4P3,MT,Đắk Lắk,G2,2,P4P3,adjacent_pair,D-7,7,180,1,ALL,14,0.5,0.2371,26.29,0.1429,0.01,13.29,2,54.34
C,MB,MT:Đắk Lắk:G2#2:P4P3,MT,Đắk Lắk,G2,2,P4P3,adjacent_pair,D-7,7,180,,Quảng Ninh,14,0.5,0.2371,26.29,0.1429,0.01,13.29,2,54.34
C,MB,MT:Đắk Lắk:G2#2:P4P3,MT,Đắk Lắk,G2,2,P4P3,adjacent_pair,D-7,7,180,1,ALL,14,0.5,0.2371,26.29,0.1429,0.01,13.29,2,54.34
C,MB,MT:Đắk Lắk:G2#2:P4P3,MT,Đắk Lắk,G2,2,P4P3,adjacent_pair,D-7,7,180,,Quảng Ninh,14,0.5,0.2371,26.29,0.1429,0.01,13.29,2,54.34
C,MT,MN:Tiền Giang:G2#2:P3P2,MN,Tiền Giang,G2,2,P3P2,adjacent_pair,W-2,14,180,6,ALL,14,0.7857,0.4086,37.71,0.0714,0.03,4.14,2,54.15
C,MB,MT:Khánh Hòa:G1#1:P5P2,MT,Khánh Hòa,G1,1,P5P2,position_pair,D-4,4,180,6,ALL,12,0.6667,0.2408,42.58,0.0,0.01,-1.0,2,53.7
C,MB,MT:Khánh Hòa:G1#1:P5P2,MT,Khánh Hòa,G1,1,P5P2,position_pair,D-4,4,180,,Thái Bình,12,0.6667,0.2408,42.58,0.0,0.01,-1.0,2,53.7
A,MN,MT:Đắk Nông:DB#1:FIRST2_REV,MT,Đắk Nông,DB,1,FIRST2_REV,head,D-3,3,180,1,ALL,26,0.7308,0.4115,31.92,0.1154,0.03,8.54,2,53.38
A,MN,MT:Đắk Nông:DB#1:FIRST2_REV,MT,Đắk Nông,DB,1,FIRST2_REV,head,D-3,3,180,,Bạc Liêu|Bến Tre|Vũng Tàu,26,0.7308,0.4115,31.92,0.1154,0.03,8.54,2,53.38
C,MN,MT:Kon Tum:G2#2:FIRST2,MT,Kon Tum,G2,2,FIRST2,head,D-1,1,180,0,ALL,15,0.7333,0.424,30.93,0.1333,0.03,10.33,2,53.13
C,MN,MT:Kon Tum:G2#2:FIRST2,MT,Kon Tum,G2,2,FIRST2,head,D-1,1,180,,Cà Mau|TP. HCM|Đồng Tháp,15,0.7333,0.424,30.93,0.1333,0.03,10.33,2,53.13
B,MB,MT:Đắk Nông:G2#1:TAIL_HEAD,MT,Đắk Nông,G2,1,TAIL_HEAD,head_tail_cross,D-4,4,180,2,ALL,25,0.6,0.2388,36.12,0.04,0.01,3.0,2,52.84
B,MB,MT:Đắk Nông:G2#1:TAIL_HEAD,MT,Đắk Nông,G2,1,TAIL_HEAD,head_tail_cross,D-4,4,180,,Bắc Ninh,25,0.6,0.2388,36.12,0.04,0.01,3.0,2,52.84
A,MT,MB:MB_BOARD:G1#1:P4P1,MB,MB_BOARD,G1,1,P4P1,position_pair,D-3,3,180,4,ALL,25,0.6,0.3048,29.52,0.12,0.0192,10.08,2,52.8
A,MT,MB:MB_BOARD:G1#1:P4P1,MB,MB_BOARD,G1,1,P4P1,position_pair,D-3,3,180,,Gia Lai|Ninh Thuận,25,0.6,0.3048,29.52,0.12,0.0192,10.08,2,52.8
A,MT,MB:MB_BOARD:DB#1:P5P3,MB,MB_BOARD,DB,1,P5P3,position_pair,D-6,6,180,1,ALL,25,0.52,0.3044,21.56,0.2,0.02,18.0,2,52.77
A,MT,MB:MB_BOARD:DB#1:P5P3,MB,MB_BOARD,DB,1,P5P3,position_pair,D-6,6,180,,Quảng Nam|Đắk Lắk,25,0.52,0.3044,21.56,0.2,0.02,18.0,2,52.77
C,MN,MT:Khánh Hòa:G2#2:FIRST2,MT,Khánh Hòa,G2,2,FIRST2,head,D-1,1,180,0,ALL,15,0.6667,0.424,24.27,0.2,0.03,17.0,2,52.69
C,MN,MT:Khánh Hòa:G2#2:FIRST2,MT,Khánh Hòa,G2,2,FIRST2,head,D-1,1,180,,Cà Mau|TP. HCM|Đồng Tháp,15,0.6667,0.424,24.27,0.2,0.03,17.0,2,52.69
C,MB,MT:Huế:G2#1:LAST2_REV,MT,Huế,G2,1,LAST2_REV,tail,D-1,1,180,1,ALL,14,0.5714,0.2407,33.07,0.0714,0.01,6.14,2,52.49
C,MB,MT:Huế:G2#1:LAST2_REV,MT,Huế,G2,1,LAST2_REV,tail,D-1,1,180,,Quảng Ninh,14,0.5714,0.2407,33.07,0.0714,0.01,6.14,2,52.49
C,MB,MT:Huế:G2#1:P4P3,MT,Huế,G2,1,P4P3,adjacent_pair,D-1,1,180,1,ALL,14,0.5714,0.2407,33.07,0.0714,0.01,6.14,2,52.49
C,MB,MT:Huế:G2#1:P4P3,MT,Huế,G2,1,P4P3,adjacent_pair,D-1,1,180,,Quảng Ninh,14,0.5714,0.2407,33.07,0.0714,0.01,6.14,2,52.49
A,MN,MT:Bình Định:DB#1:TAIL_HEAD,MT,Bình Định,DB,1,TAIL_HEAD,head_tail_cross,D-6,6,180,2,ALL,26,0.7308,0.4204,31.04,0.1154,0.0296,8.58,2,52.36
A,MN,MT:Bình Định:DB#1:TAIL_HEAD,MT,Bình Định,DB,1,TAIL_HEAD,head_tail_cross,D-6,6,180,,Cần Thơ|Sóc Trăng|Đồng Nai,26,0.7308,0.4204,31.04,0.1154,0.0296,8.58,2,52.36
A,MT,MB:MB_BOARD:G2#1:P1P3,MB,MB_BOARD,G2,1,P1P3,position_pair,D-1,1,180,6,ALL,25,0.64,0.4084,23.16,0.2,0.03,17.0,2,52.36
C,MT,MN:Long An:G2#2:TAIL_HEAD,MN,Long An,G2,2,TAIL_HEAD,head_tail_cross,D-1,1,180,6,ALL,13,0.7692,0.4131,35.62,0.0769,0.03,4.69,2,52.16
C,MT,MN:Long An:G2#2:P4P1,MN,Long An,G2,2,P4P1,position_pair,D-1,1,180,6,ALL,13,0.7692,0.4131,35.62,0.0769,0.03,4.69,2,52.16
C,MB,MT:Gia Lai:G2#2:FIRST2_REV,MT,Gia Lai,G2,2,FIRST2_REV,head,D-3,3,180,0,ALL,14,0.5714,0.2436,32.79,0.0714,0.01,6.14,2,52.14
C,MB,MT:Gia Lai:G2#2:FIRST2_REV,MT,Gia Lai,G2,2,FIRST2_REV,head,D-3,3,180,,Hà Nội,14,0.5714,0.2436,32.79,0.0714,0.01,6.14,2,52.14
C,MN,MT:Đà Nẵng:DB#1:P6P3,MT,Đà Nẵng,DB,1,P6P3,position_pair,D-1,1,180,3,ALL,13,0.7692,0.4138,35.54,0.0769,0.03,4.69,2,52.06
C,MN,MT:Đà Nẵng:DB#1:P6P3,MT,Đà Nẵng,DB,1,P6P3,position_pair,D-1,1,180,,An Giang|Bình Thuận|Tây Ninh,13,0.7692,0.4138,35.54,0.0769,0.03,4.69,2,52.06
A,MN,MB:MB_BOARD:G2#2:P5P3,MB,MB_BOARD,G2,2,P5P3,position_pair,D-7,7,180,3,ALL,25,0.76,0.4176,34.24,0.08,0.03,5.0,2,52.05
A,MN,MB:MB_BOARD:G2#2:P5P3,MB,MB_BOARD,G2,2,P5P3,position_pair,D-7,7,180,,An Giang|Bình Thuận|Tây Ninh,25,0.76,0.4176,34.24,0.08,0.03,5.0,2,52.05
A,MN,MB:MB_BOARD:G2#2:P5P3,MB,MB_BOARD,G2,2,P5P3,position_pair,D-7,7,180,3,ALL,25,0.76,0.4176,34.24,0.08,0.03,5.0,2,52.05
A,MN,MB:MB_BOARD:G2#2:P5P3,MB,MB_BOARD,G2,2,P5P3,position_pair,D-7,7,180,,An Giang|Bình Thuận|Tây Ninh,25,0.76,0.4176,34.24,0.08,0.03,5.0,2,52.05
A,MN,MB:MB_BOARD:DB#1:P4P1,MB,MB_BOARD,DB,1,P4P1,position_pair,D-7,7,180,4,ALL,26,0.7308,0.4246,30.62,0.1154,0.03,8.54,2,51.82
A,MN,MB:MB_BOARD:DB#1:P4P1,MB,MB_BOARD,DB,1,P4P1,position_pair,D-7,7,180,,Bình Dương|Trà Vinh|Vĩnh Long,26,0.7308,0.4246,30.62,0.1154,0.03,8.54,2,51.82
A,MN,MB:MB_BOARD:DB#1:P4P1,MB,MB_BOARD,DB,1,P4P1,position_pair,D-7,7,180,4,ALL,26,0.7308,0.4246,30.62,0.1154,0.03,8.54,2,51.82
A,MN,MB:MB_BOARD:DB#1:P4P1,MB,MB_BOARD,DB,1,P4P1,position_pair,D-7,7,180,,Bình Dương|Trà Vinh|Vĩnh Long,26,0.7308,0.4246,30.62,0.1154,0.03,8.54,2,51.82
C,MT,MN:Bình Dương:G2#2:TAIL_HEAD,MN,Bình Dương,G2,2,TAIL_HEAD,head_tail_cross,D-5,5,180,2,ALL,14,0.5714,0.2979,27.36,0.1429,0.02,12.29,2,51.77
C,MT,MN:Bình Dương:G2#2:TAIL_HEAD,MN,Bình Dương,G2,2,TAIL_HEAD,head_tail_cross,D-5,5,180,,Khánh Hòa|Đà Nẵng,14,0.5714,0.2979,27.36,0.1429,0.02,12.29,2,51.77
C,MT,MN:Bình Dương:G2#2:P4P1,MN,Bình Dương,G2,2,P4P1,position_pair,D-5,5,180,2,ALL,14,0.5714,0.2979,27.36,0.1429,0.02,12.29,2,51.77
C,MT,MN:Bình Dương:G2#2:P4P1,MN,Bình Dương,G2,2,P4P1,position_pair,D-5,5,180,,Khánh Hòa|Đà Nẵng,14,0.5714,0.2979,27.36,0.1429,0.02,12.29,2,51.77
C,MT,MN:Bình Phước:G2#2:P3P2,MN,Bình Phước,G2,2,P3P2,adjacent_pair,D-4,4,180,2,ALL,14,0.5714,0.2979,27.36,0.1429,0.02,12.29,2,51.77
C,MT,MN:Bình Phước:G2#2:P3P2,MN,Bình Phước,G2,2,P3P2,adjacent_pair,D-4,4,180,,Khánh Hòa|Đà Nẵng,14,0.5714,0.2979,27.36,0.1429,0.02,12.29,2,51.77
C,MN,MT:Quảng Trị:G2#2:LAST2_REV,MT,Quảng Trị,G2,2,LAST2_REV,tail,D-4,4,180,0,ALL,14,0.6429,0.4207,22.21,0.2143,0.03,18.43,2,51.74
C,MN,MT:Quảng Trị:G2#2:LAST2_REV,MT,Quảng Trị,G2,2,LAST2_REV,tail,D-4,4,180,,Cà Mau|TP. HCM|Đồng Tháp,14,0.6429,0.4207,22.21,0.2143,0.03,18.43,2,51.74
C,MN,MT:Quảng Trị:G2#2:P4P3,MT,Quảng Trị,G2,2,P4P3,adjacent_pair,D-4,4,180,0,ALL,14,0.6429,0.4207,22.21,0.2143,0.03,18.43,2,51.74
C,MN,MT:Quảng Trị:G2#2:P4P3,MT,Quảng Trị,G2,2,P4P3,adjacent_pair,D-4,4,180,,Cà Mau|TP. HCM|Đồng Tháp,14,0.6429,0.4207,22.21,0.2143,0.03,18.43,2,51.74
A,MN,MB:MB_BOARD:G2#2:P5P2,MB,MB_BOARD,G2,2,P5P2,position_pair,D-7,7,180,6,ALL,25,0.64,0.42,22.0,0.2,0.0292,17.08,2,51.58
A,MN,MB:MB_BOARD:G2#2:P5P2,MB,MB_BOARD,G2,2,P5P2,position_pair,D-7,7,180,,Kiên Giang|Tiền Giang|Đà Lạt,25,0.64,0.42,22.0,0.2,0.0292,17.08,2,51.58
A,MN,MB:MB_BOARD:G2#2:P5P2,MB,MB_BOARD,G2,2,P5P2,position_pair,D-7,7,180,6,ALL,25,0.64,0.42,22.0,0.2,0.0292,17.08,2,51.58
A,MN,MB:MB_BOARD:G2#2:P5P2,MB,MB_BOARD,G2,2,P5P2,position_pair,D-7,7,180,,Kiên Giang|Tiền Giang|Đà Lạt,25,0.64,0.42,22.0,0.2,0.0292,17.08,2,51.58
B,MN,MB:MB_BOARD:G2#2:SUM_LAST2,MB,MB_BOARD,G2,2,SUM_LAST2,digit_sum,D-2,2,180,4,ALL,25,0.8,0.4248,37.52,0.04,0.03,1.0,2,51.46
B,MN,MB:MB_BOARD:G2#2:SUM_LAST2,MB,MB_BOARD,G2,2,SUM_LAST2,digit_sum,D-2,2,180,,Bình Dương|Trà Vinh|Vĩnh Long,25,0.8,0.4248,37.52,0.04,0.03,1.0,2,51.46
C,MN,MT:Đà Nẵng:G2#1:P5P4,MT,Đà Nẵng,G2,1,P5P4,adjacent_pair,D-6,6,180,1,ALL,12,0.75,0.405,34.5,0.0833,0.03,5.33,2,51.44
C,MN,MT:Đà Nẵng:G2#1:P5P4,MT,Đà Nẵng,G2,1,P5P4,adjacent_pair,D-6,6,180,,Bạc Liêu|Bến Tre|Vũng Tàu,12,0.75,0.405,34.5,0.0833,0.03,5.33,2,51.44
C,MB,MT:Huế:G2#1:FIRST2_REV,MT,Huế,G2,1,FIRST2_REV,head,D-5,5,180,5,ALL,14,0.6429,0.2379,40.5,0.0,0.01,-1.0,2,51.4
C,MB,MT:Huế:G2#1:FIRST2_REV,MT,Huế,G2,1,FIRST2_REV,head,D-5,5,180,,Nam Định,14,0.6429,0.2379,40.5,0.0,0.01,-1.0,2,51.4
A,MN,MB:MB_BOARD:G1#1:P3P2,MB,MB_BOARD,G1,1,P3P2,adjacent_pair,W-4,28,180,2,ALL,25,0.68,0.42,26.0,0.16,0.0296,13.04,2,51.27
A,MN,MB:MB_BOARD:G1#1:P3P2,MB,MB_BOARD,G1,1,P3P2,adjacent_pair,W-4,28,180,,Cần Thơ|Sóc Trăng|Đồng Nai,25,0.68,0.42,26.0,0.16,0.0296,13.04,2,51.27
A,MT,MB:MB_BOARD:G1#1:TAIL_SUM_UNIT,MB,MB_BOARD,G1,1,TAIL_SUM_UNIT,digit_sum,D-2,2,180,3,ALL,25,0.6,0.4168,18.32,0.24,0.03,21.0,2,51.08
A,MT,MB:MB_BOARD:G1#1:TAIL_SUM_UNIT,MB,MB_BOARD,G1,1,TAIL_SUM_UNIT,digit_sum,D-2,2,180,,Bình Định|Quảng Bình|Quảng Trị,25,0.6,0.4168,18.32,0.24,0.03,21.0,2,51.08
C,MB,MT:Huế:G2#2:TAIL_HEAD,MT,Huế,G2,2,TAIL_HEAD,head_tail_cross,D-6,6,180,6,ALL,14,0.6429,0.2407,40.21,0.0,0.01,-1.0,2,51.06
C,MB,MT:Huế:G2#2:TAIL_HEAD,MT,Huế,G2,2,TAIL_HEAD,head_tail_cross,D-6,6,180,,Thái Bình,14,0.6429,0.2407,40.21,0.0,0.01,-1.0,2,51.06
C,MB,MT:Huế:G2#2:P4P1,MT,Huế,G2,2,P4P1,position_pair,D-6,6,180,6,ALL,14,0.6429,0.2407,40.21,0.0,0.01,-1.0,2,51.06
C,MB,MT:Huế:G2#2:P4P1,MT,Huế,G2,2,P4P1,position_pair,D-6,6,180,,Thái Bình,14,0.6429,0.2407,40.21,0.0,0.01,-1.0,2,51.06
C,MB,MT:Đà Nẵng:G2#2:LAST2,MT,Đà Nẵng,G2,2,LAST2,tail,D-3,3,180,1,ALL,14,0.6429,0.2407,40.21,0.0,0.01,-1.0,2,51.06
C,MB,MT:Đà Nẵng:G2#2:LAST2,MT,Đà Nẵng,G2,2,LAST2,tail,D-3,3,180,,Quảng Ninh,14,0.6429,0.2407,40.21,0.0,0.01,-1.0,2,51.06
C,MT,MN:Bến Tre:G2#2:LAST2_REV,MN,Bến Tre,G2,2,LAST2_REV,tail,D-2,2,180,3,ALL,12,0.75,0.4083,34.17,0.0833,0.03,5.33,2,51.04
C,MT,MN:Bến Tre:G2#2:LAST2_REV,MN,Bến Tre,G2,2,LAST2_REV,tail,D-2,2,180,,Bình Định|Quảng Bình|Quảng Trị,12,0.75,0.4083,34.17,0.0833,0.03,5.33,2,51.04
C,MT,MN:Bến Tre:G2#2:P4P3,MN,Bến Tre,G2,2,P4P3,adjacent_pair,D-2,2,180,3,ALL,12,0.75,0.4083,34.17,0.0833,0.03,5.33,2,51.04
C,MT,MN:Bến Tre:G2#2:P4P3,MN,Bến Tre,G2,2,P4P3,adjacent_pair,D-2,2,180,,Bình Định|Quảng Bình|Quảng Trị,12,0.75,0.4083,34.17,0.0833,0.03,5.33,2,51.04
C,MT,MN:TP. HCM:G2#2:LAST2_REV,MN,TP. HCM,G2,2,LAST2_REV,tail,W-3,21,180,0,ALL,14,0.5714,0.305,26.64,0.1429,0.02,12.29,2,50.91
C,MT,MN:TP. HCM:G2#2:P4P3,MN,TP. HCM,G2,2,P4P3,adjacent_pair,W-3,21,180,0,ALL,14,0.5714,0.305,26.64,0.1429,0.02,12.29,2,50.91
C,MN,MT:Khánh Hòa:DB#1:P4P1,MT,Khánh Hòa,DB,1,P4P1,position_pair,D-6,6,180,1,ALL,12,0.6667,0.405,26.17,0.1667,0.03,13.67,2,50.89
C,MN,MT:Khánh Hòa:DB#1:P4P1,MT,Khánh Hòa,DB,1,P4P1,position_pair,D-6,6,180,,Bạc Liêu|Bến Tre|Vũng Tàu,12,0.6667,0.405,26.17,0.1667,0.03,13.67,2,50.89
C,MT,MN:Tiền Giang:G2#2:P3P2,MN,Tiền Giang,G2,2,P3P2,adjacent_pair,W-2,14,180,,Huế|Khánh Hòa|Kon Tum,12,0.75,0.41,34.0,0.0833,0.03,5.33,2,50.84
A,MN,MB:MB_BOARD:G1#1:P4P2,MB,MB_BOARD,G1,1,P4P2,position_pair,D-7,7,180,2,ALL,25,0.6,0.42,18.0,0.24,0.0296,21.04,2,50.74
A,MN,MB:MB_BOARD:G1#1:P4P2,MB,MB_BOARD,G1,1,P4P2,position_pair,D-7,7,180,,Cần Thơ|Sóc Trăng|Đồng Nai,25,0.6,0.42,18.0,0.24,0.0296,21.04,2,50.74
A,MN,MB:MB_BOARD:G1#1:P4P2,MB,MB_BOARD,G1,1,P4P2,position_pair,D-7,7,180,2,ALL,25,0.6,0.42,18.0,0.24,0.0296,21.04,2,50.74
A,MN,MB:MB_BOARD:G1#1:P4P2,MB,MB_BOARD,G1,1,P4P2,position_pair,D-7,7,180,,Cần Thơ|Sóc Trăng|Đồng Nai,25,0.6,0.42,18.0,0.24,0.0296,21.04,2,50.74
C,MT,MN:Long An:G2#2:TAIL_HEAD,MN,Long An,G2,2,TAIL_HEAD,head_tail_cross,D-1,1,180,,Huế|Khánh Hòa|Kon Tum,12,0.75,0.4117,33.83,0.0833,0.03,5.33,2,50.64
C,MT,MN:Long An:G2#2:P4P1,MN,Long An,G2,2,P4P1,position_pair,D-1,1,180,,Huế|Khánh Hòa|Kon Tum,12,0.75,0.4117,33.83,0.0833,0.03,5.33,2,50.64
C,MB,MT:Phú Yên:G2#2:FIRST2_REV,MT,Phú Yên,G2,2,FIRST2_REV,head,D-7,7,180,0,ALL,13,0.4615,0.2438,21.77,0.1538,0.01,14.38,2,50.36
C,MB,MT:Phú Yên:G2#2:FIRST2_REV,MT,Phú Yên,G2,2,FIRST2_REV,head,D-7,7,180,,Hà Nội,13,0.4615,0.2438,21.77,0.1538,0.01,14.38,2,50.36
C,MB,MT:Phú Yên:G2#2:FIRST2_REV,MT,Phú Yên,G2,2,FIRST2_REV,head,D-7,7,180,0,ALL,13,0.4615,0.2438,21.77,0.1538,0.01,14.38,2,50.36
C,MB,MT:Phú Yên:G2#2:FIRST2_REV,MT,Phú Yên,G2,2,FIRST2_REV,head,D-7,7,180,,Hà Nội,13,0.4615,0.2438,21.77,0.1538,0.01,14.38,2,50.36
C,MB,MT:Khánh Hòa:G2#2:HEAD_TAIL,MT,Khánh Hòa,G2,2,HEAD_TAIL,head_tail_cross,D-2,2,180,4,ALL,13,0.4615,0.2446,21.69,0.1538,0.01,14.38,2,50.27
C,MB,MT:Khánh Hòa:G2#2:HEAD_TAIL,MT,Khánh Hòa,G2,2,HEAD_TAIL,head_tail_cross,D-2,2,180,,Hải Phòng,13,0.4615,0.2446,21.69,0.1538,0.01,14.38,2,50.27
B,MN,MB:MB_BOARD:G2#1:P4P1,MB,MB_BOARD,G2,1,P4P1,position_pair,W-2,14,180,0,ALL,24,0.6667,0.4208,24.58,0.1667,0.03,13.67,2,50.19
B,MN,MB:MB_BOARD:G2#1:P4P1,MB,MB_BOARD,G2,1,P4P1,position_pair,W-2,14,180,,Cà Mau|TP. HCM|Đồng Tháp,24,0.6667,0.4208,24.58,0.1667,0.03,13.67,2,50.19
C,MT,MN:Tây Ninh:G2#2:P3P2,MN,Tây Ninh,G2,2,P3P2,adjacent_pair,D-3,3,180,6,ALL,12,0.6667,0.4125,25.42,0.1667,0.03,13.67,2,49.99
C,MT,MN:Cần Thơ:G2#2:LAST2_REV,MN,Cần Thơ,G2,2,LAST2_REV,tail,D-3,3,180,5,ALL,12,0.75,0.4175,33.25,0.0833,0.03,5.33,2,49.94
C,MT,MN:Cần Thơ:G2#2:LAST2_REV,MN,Cần Thơ,G2,2,LAST2_REV,tail,D-3,3,180,,Quảng Ngãi|Đà Nẵng|Đắk Nông,12,0.75,0.4175,33.25,0.0833,0.03,5.33,2,49.94
C,MT,MN:Cần Thơ:G2#2:P4P3,MN,Cần Thơ,G2,2,P4P3,adjacent_pair,D-3,3,180,5,ALL,12,0.75,0.4175,33.25,0.0833,0.03,5.33,2,49.94
C,MT,MN:Cần Thơ:G2#2:P4P3,MN,Cần Thơ,G2,2,P4P3,adjacent_pair,D-3,3,180,,Quảng Ngãi|Đà Nẵng|Đắk Nông,12,0.75,0.4175,33.25,0.0833,0.03,5.33,2,49.94
C,MN,MT:Đà Nẵng:G2#2:P3P2,MT,Đà Nẵng,G2,2,P3P2,adjacent_pair,D-7,7,180,5,ALL,15,0.8,0.5067,29.33,0.1333,0.0387,9.47,2,49.9
C,MN,MT:Đà Nẵng:G2#2:P3P2,MT,Đà Nẵng,G2,2,P3P2,adjacent_pair,D-7,7,180,,Bình Phước|Hậu Giang|Long An|TP. HCM,15,0.8,0.5067,29.33,0.1333,0.0387,9.47,2,49.9
C,MN,MT:Đà Nẵng:G2#2:P3P2,MT,Đà Nẵng,G2,2,P3P2,adjacent_pair,D-7,7,180,5,ALL,15,0.8,0.5067,29.33,0.1333,0.0387,9.47,2,49.9
C,MN,MT:Đà Nẵng:G2#2:P3P2,MT,Đà Nẵng,G2,2,P3P2,adjacent_pair,D-7,7,180,,Bình Phước|Hậu Giang|Long An|TP. HCM,15,0.8,0.5067,29.33,0.1333,0.0387,9.47,2,49.9
C,MN,MT:Thừa Thiên Huế:DB#1:HEAD_TAIL,MT,Thừa Thiên Huế,DB,1,HEAD_TAIL,head_tail_cross,D-4,4,180,4,ALL,12,0.6667,0.4142,25.25,0.1667,0.03,13.67,2,49.79
C,MN,MT:Thừa Thiên Huế:DB#1:HEAD_TAIL,MT,Thừa Thiên Huế,DB,1,HEAD_TAIL,head_tail_cross,D-4,4,180,,Bình Dương|Trà Vinh|Vĩnh Long,12,0.6667,0.4142,25.25,0.1667,0.03,13.67,2,49.79
C,MB,MT:Khánh Hòa:G2#2:HEAD_TAIL,MT,Khánh Hòa,G2,2,HEAD_TAIL,head_tail_cross,D-2,2,180,1,ALL,16,0.625,0.2387,38.62,0.0,0.01,-1.0,2,49.35
C,MB,MT:Khánh Hòa:G2#2:HEAD_TAIL,MT,Khánh Hòa,G2,2,HEAD_TAIL,head_tail_cross,D-2,2,180,,Quảng Ninh,16,0.625,0.2387,38.62,0.0,0.01,-1.0,2,49.35
C,MB,MT:Gia Lai:G2#2:LAST2_REV,MT,Gia Lai,G2,2,LAST2_REV,tail,D-5,5,180,2,ALL,15,0.4667,0.236,23.07,0.1333,0.01,12.33,2,49.25
C,MB,MT:Gia Lai:G2#2:LAST2_REV,MT,Gia Lai,G2,2,LAST2_REV,tail,D-5,5,180,,Bắc Ninh,15,0.4667,0.236,23.07,0.1333,0.01,12.33,2,49.25
C,MB,MT:Gia Lai:G2#2:P4P3,MT,Gia Lai,G2,2,P4P3,adjacent_pair,D-5,5,180,2,ALL,15,0.4667,0.236,23.07,0.1333,0.01,12.33,2,49.25
C,MB,MT:Gia Lai:G2#2:P4P3,MT,Gia Lai,G2,2,P4P3,adjacent_pair,D-5,5,180,,Bắc Ninh,15,0.4667,0.236,23.07,0.1333,0.01,12.33,2,49.25
C,MT,MN:Kiên Giang:G2#2:FIRST2_REV,MN,Kiên Giang,G2,2,FIRST2_REV,head,D-3,3,180,2,ALL,13,0.5385,0.2962,24.23,0.1538,0.02,13.38,2,49.24
C,MT,MN:Kiên Giang:G2#2:FIRST2_REV,MN,Kiên Giang,G2,2,FIRST2_REV,head,D-3,3,180,,Khánh Hòa|Đà Nẵng,13,0.5385,0.2962,24.23,0.1538,0.02,13.38,2,49.24
C,MB,MN:Bình Phước:G2#2:FIRST2,MN,Bình Phước,G2,2,FIRST2,head,D-3,3,180,1,ALL,13,0.5385,0.2408,29.77,0.0769,0.01,6.69,2,49.19
C,MB,MN:Bình Phước:G2#2:FIRST2,MN,Bình Phước,G2,2,FIRST2,head,D-3,3,180,,Quảng Ninh,13,0.5385,0.2408,29.77,0.0769,0.01,6.69,2,49.19
C,MT,MB:MB_BOARD:G1#1:P5P2,MB,MB_BOARD,G1,1,P5P2,position_pair,D-7,7,180,,Huế|Khánh Hòa|Kon Tum,16,0.75,0.4081,34.19,0.0625,0.03,3.25,2,49.11
C,MT,MB:MB_BOARD:G1#1:P5P2,MB,MB_BOARD,G1,1,P5P2,position_pair,D-7,7,180,,Huế|Khánh Hòa|Kon Tum,16,0.75,0.4081,34.19,0.0625,0.03,3.25,2,49.11
C,MT,MB:MB_BOARD:G2#2:SUM_UNIT_HEAD,MB,MB_BOARD,G2,2,SUM_UNIT_HEAD,digit_sum,D-2,2,180,,Huế|Khánh Hòa|Kon Tum,16,0.75,0.4081,34.19,0.0625,0.03,3.25,2,49.11
C,MT,MN:Đồng Nai:DB#1:HEAD_TAIL,MN,Đồng Nai,DB,1,HEAD_TAIL,head_tail_cross,D-4,4,180,,Huế|Khánh Hòa|Kon Tum,16,0.75,0.4081,34.19,0.0625,0.03,3.25,2,49.11
C,MT,MN:Long An:G1#1:LAST2_REV,MN,Long An,G1,1,LAST2_REV,tail,D-1,1,180,,Huế|Khánh Hòa|Kon Tum,16,0.75,0.4081,34.19,0.0625,0.03,3.25,2,49.11
C,MT,MN:Long An:G1#1:P3P2,MN,Long An,G1,1,P3P2,adjacent_pair,D-1,1,180,,Huế|Khánh Hòa|Kon Tum,16,0.75,0.4081,34.19,0.0625,0.03,3.25,2,49.11
C,MT,MN:Bạc Liêu:G1#1:TAIL_HEAD,MN,Bạc Liêu,G1,1,TAIL_HEAD,head_tail_cross,D-5,5,180,,Huế|Khánh Hòa|Kon Tum,16,0.75,0.4081,34.19,0.0625,0.03,3.25,2,49.11
A,MB,MN:Cần Thơ:G1#1:HEAD_TAIL,MN,Cần Thơ,G1,1,HEAD_TAIL,head_tail_cross,W-2,14,180,2,ALL,25,0.52,0.2388,28.12,0.08,0.01,7.0,2,48.84
A,MB,MN:Cần Thơ:G1#1:HEAD_TAIL,MN,Cần Thơ,G1,1,HEAD_TAIL,head_tail_cross,W-2,14,180,,Bắc Ninh,25,0.52,0.2388,28.12,0.08,0.01,7.0,2,48.84
C,MB,MT:Đà Nẵng:G2#2:FIRST2_REV,MT,Đà Nẵng,G2,2,FIRST2_REV,head,D-2,2,180,0,ALL,13,0.5385,0.2446,29.38,0.0769,0.01,6.69,2,48.73
C,MB,MT:Đà Nẵng:G2#2:FIRST2_REV,MT,Đà Nẵng,G2,2,FIRST2_REV,head,D-2,2,180,,Hà Nội,13,0.5385,0.2446,29.38,0.0769,0.01,6.69,2,48.73
C,MT,MB:MB_BOARD:DB#1:SUM_UNIT_HEAD,MB,MB_BOARD,DB,1,SUM_UNIT_HEAD,digit_sum,D-6,6,180,,Huế|Khánh Hòa|Kon Tum,16,0.6875,0.4081,27.94,0.125,0.03,9.5,2,48.69
C,MT,MB:MB_BOARD:DB#1:P3P1,MB,MB_BOARD,DB,1,P3P1,position_pair,D-5,5,180,,Huế|Khánh Hòa|Kon Tum,16,0.6875,0.4081,27.94,0.125,0.03,9.5,2,48.69
C,MT,MB:MB_BOARD:G1#1:P4P2,MB,MB_BOARD,G1,1,P4P2,position_pair,D-7,7,180,,Huế|Khánh Hòa|Kon Tum,16,0.6875,0.4081,27.94,0.125,0.03,9.5,2,48.69
C,MT,MB:MB_BOARD:G1#1:P4P2,MB,MB_BOARD,G1,1,P4P2,position_pair,D-7,7,180,,Huế|Khánh Hòa|Kon Tum,16,0.6875,0.4081,27.94,0.125,0.03,9.5,2,48.69
C,MT,MB:MB_BOARD:G2#2:SUM_UNIT_TAIL,MB,MB_BOARD,G2,2,SUM_UNIT_TAIL,digit_sum,D-7,7,180,,Huế|Khánh Hòa|Kon Tum,16,0.6875,0.4081,27.94,0.125,0.03,9.5,2,48.69
C,MT,MB:MB_BOARD:G2#2:SUM_UNIT_TAIL,MB,MB_BOARD,G2,2,SUM_UNIT_TAIL,digit_sum,D-7,7,180,,Huế|Khánh Hòa|Kon Tum,16,0.6875,0.4081,27.94,0.125,0.03,9.5,2,48.69
A,MN,MT:Đắk Nông:G1#1:HEAD_TAIL,MT,Đắk Nông,G1,1,HEAD_TAIL,head_tail_cross,W-3,21,180,5,ALL,26,0.7308,0.5127,21.81,0.1923,0.0392,15.31,2,48.4
A,MN,MT:Đắk Nông:G1#1:HEAD_TAIL,MT,Đắk Nông,G1,1,HEAD_TAIL,head_tail_cross,W-3,21,180,,Bình Phước|Hậu Giang|Long An|TP. HCM,26,0.7308,0.5127,21.81,0.1923,0.0392,15.31,2,48.4
A,MB,MB:MB_BOARD:G2#2:HEAD_SECOND_LAST,MB,MB_BOARD,G2,2,HEAD_SECOND_LAST,head_secondlast_cross,D-1,1,180,4,ALL,25,0.52,0.2428,27.72,0.08,0.01,7.0,2,48.36
A,MB,MB:MB_BOARD:G2#2:HEAD_SECOND_LAST,MB,MB_BOARD,G2,2,HEAD_SECOND_LAST,head_secondlast_cross,D-1,1,180,,Hải Phòng,25,0.52,0.2428,27.72,0.08,0.01,7.0,2,48.36
A,MB,MB:MB_BOARD:G2#2:P1P4,MB,MB_BOARD,G2,2,P1P4,position_pair,D-1,1,180,4,ALL,25,0.52,0.2428,27.72,0.08,0.01,7.0,2,48.36
A,MB,MB:MB_BOARD:G2#2:P1P4,MB,MB_BOARD,G2,2,P1P4,position_pair,D-1,1,180,,Hải Phòng,25,0.52,0.2428,27.72,0.08,0.01,7.0,2,48.36
C,MN,MT:Huế:DB#1:LAST2_REV,MT,Huế,DB,1,LAST2_REV,tail,W-2,14,180,6,ALL,17,0.7059,0.4241,28.18,0.1176,0.0288,8.88,2,48.36
C,MN,MT:Huế:DB#1:LAST2_REV,MT,Huế,DB,1,LAST2_REV,tail,W-2,14,180,,Kiên Giang|Tiền Giang|Đà Lạt,17,0.7059,0.4241,28.18,0.1176,0.0288,8.88,2,48.36
C,MN,MT:Huế:DB#1:FIRST2_REV,MT,Huế,DB,1,FIRST2_REV,head,W-2,14,180,6,ALL,17,0.7059,0.4241,28.18,0.1176,0.0288,8.88,2,48.36
C,MN,MT:Huế:DB#1:FIRST2_REV,MT,Huế,DB,1,FIRST2_REV,head,W-2,14,180,,Kiên Giang|Tiền Giang|Đà Lạt,17,0.7059,0.4241,28.18,0.1176,0.0288,8.88,2,48.36
C,MN,MT:Huế:DB#1:TAIL_HEAD,MT,Huế,DB,1,TAIL_HEAD,head_tail_cross,W-2,14,180,6,ALL,17,0.7059,0.4241,28.18,0.1176,0.0288,8.88,2,48.36
C,MN,MT:Huế:DB#1:TAIL_HEAD,MT,Huế,DB,1,TAIL_HEAD,head_tail_cross,W-2,14,180,,Kiên Giang|Tiền Giang|Đà Lạt,17,0.7059,0.4241,28.18,0.1176,0.0288,8.88,2,48.36
C,MT,MB:MB_BOARD:DB#1:HEAD_SECOND_LAST,MB,MB_BOARD,DB,1,HEAD_SECOND_LAST,head_secondlast_cross,D-1,1,180,,Huế|Phú Yên,13,0.6154,0.3038,31.15,0.0769,0.02,5.69,2,48.32
C,MT,MB:MB_BOARD:DB#1:P1P4,MB,MB_BOARD,DB,1,P1P4,position_pair,D-1,1,180,,Huế|Phú Yên,13,0.6154,0.3038,31.15,0.0769,0.02,5.69,2,48.32
C,MT,MB:MB_BOARD:DB#1:P2P4,MB,MB_BOARD,DB,1,P2P4,position_pair,D-3,3,180,,Huế|Phú Yên,13,0.4615,0.3038,15.77,0.2308,0.02,21.08,2,48.32
C,MT,MB:MB_BOARD:G1#1:P2P3,MB,MB_BOARD,G1,1,P2P3,adjacent_pair,D-2,2,180,,Huế|Phú Yên,13,0.5385,0.3038,23.46,0.1538,0.02,13.38,2,48.32
C,MT,MB:MB_BOARD:G2#1:TAIL_SUM_UNIT,MB,MB_BOARD,G2,1,TAIL_SUM_UNIT,digit_sum,D-6,6,180,,Huế|Phú Yên,13,0.6154,0.3038,31.15,0.0769,0.02,5.69,2,48.32
C,MT,MB:MB_BOARD:G2#2:LAST2,MB,MB_BOARD,G2,2,LAST2,tail,D-5,5,180,,Huế|Phú Yên,13,0.5385,0.3038,23.46,0.1538,0.02,13.38,2,48.32
C,MT,MB:MB_BOARD:G2#2:LAST2_REV,MB,MB_BOARD,G2,2,LAST2_REV,tail,W-4,28,180,,Huế|Phú Yên,13,0.6923,0.3038,38.85,0.0,0.02,-2.0,2,48.32
C,MT,MB:MB_BOARD:G2#2:P1P3,MB,MB_BOARD,G2,2,P1P3,position_pair,W-3,21,180,,Huế|Phú Yên,13,0.6923,0.3038,38.85,0.0,0.02,-2.0,2,48.32
C,MT,MB:MB_BOARD:G2#2:P4P5,MB,MB_BOARD,G2,2,P4P5,adjacent_pair,D-5,5,180,,Huế|Phú Yên,13,0.5385,0.3038,23.46,0.1538,0.02,13.38,2,48.32
C,MT,MB:MB_BOARD:G2#2:P5P4,MB,MB_BOARD,G2,2,P5P4,adjacent_pair,W-4,28,180,,Huế|Phú Yên,13,0.6923,0.3038,38.85,0.0,0.02,-2.0,2,48.32
C,MT,MN:Trà Vinh:DB#1:HEAD_TAIL,MN,Trà Vinh,DB,1,HEAD_TAIL,head_tail_cross,D-3,3,180,,Huế|Phú Yên,13,0.6154,0.3038,31.15,0.0769,0.02,5.69,2,48.32
C,MT,MN:Trà Vinh:DB#1:TAIL_HEAD,MN,Trà Vinh,DB,1,TAIL_HEAD,head_tail_cross,D-3,3,180,,Huế|Phú Yên,13,0.5385,0.3038,23.46,0.1538,0.02,13.38,2,48.32
C,MT,MN:Long An:G1#1:FIRST2_REV,MN,Long An,G1,1,FIRST2_REV,head,D-2,2,180,,Huế|Phú Yên,13,0.6154,0.3038,31.15,0.0769,0.02,5.69,2,48.32
C,MT,MN:Đồng Tháp:G2#1:P3P2,MN,Đồng Tháp,G2,1,P3P2,adjacent_pair,D-7,7,180,,Huế|Phú Yên,13,0.6154,0.3038,31.15,0.0769,0.02,5.69,2,48.32
C,MT,MN:Đồng Tháp:G2#1:P3P2,MN,Đồng Tháp,G2,1,P3P2,adjacent_pair,D-7,7,180,,Huế|Phú Yên,13,0.6154,0.3038,31.15,0.0769,0.02,5.69,2,48.32
C,MT,MN:Đồng Tháp:G1#1:TAIL_HEAD,MN,Đồng Tháp,G1,1,TAIL_HEAD,head_tail_cross,W-2,14,180,,Huế|Phú Yên,13,0.6154,0.3038,31.15,0.0769,0.02,5.69,2,48.32
C,MT,MB:MB_BOARD:DB#1:LAST2,MB,MB_BOARD,DB,1,LAST2,tail,D-5,5,180,,Huế|Khánh Hòa|Kon Tum,16,0.625,0.4081,21.69,0.1875,0.03,15.75,2,48.27
C,MT,MB:MB_BOARD:DB#1:P4P5,MB,MB_BOARD,DB,1,P4P5,adjacent_pair,D-5,5,180,,Huế|Khánh Hòa|Kon Tum,16,0.625,0.4081,21.69,0.1875,0.03,15.75,2,48.27
C,MT,MB:MB_BOARD:G1#1:SECOND_HEAD_TAIL,MB,MB_BOARD,G1,1,SECOND_HEAD_TAIL,head_secondlast_cross,W-4,28,180,,Huế|Khánh Hòa|Kon Tum,16,0.625,0.4081,21.69,0.1875,0.03,15.75,2,48.27
C,MT,MB:MB_BOARD:G1#1:P2P4,MB,MB_BOARD,G1,1,P2P4,position_pair,W-4,28,180,,Huế|Khánh Hòa|Kon Tum,16,0.625,0.4081,21.69,0.1875,0.03,15.75,2,48.27
C,MT,MB:MB_BOARD:G1#1:P2P5,MB,MB_BOARD,G1,1,P2P5,position_pair,W-4,28,180,,Huế|Khánh Hòa|Kon Tum,16,0.625,0.4081,21.69,0.1875,0.03,15.75,2,48.27
C,MT,MB:MB_BOARD:G2#1:SUM_UNIT_HEAD,MB,MB_BOARD,G2,1,SUM_UNIT_HEAD,digit_sum,W-2,14,180,,Huế|Khánh Hòa|Kon Tum,16,0.625,0.4081,21.69,0.1875,0.03,15.75,2,48.27
C,MT,MB:MB_BOARD:G2#1:P1P3,MB,MB_BOARD,G2,1,P1P3,position_pair,D-1,1,180,,Huế|Khánh Hòa|Kon Tum,16,0.625,0.4081,21.69,0.1875,0.03,15.75,2,48.27
C,MT,MN:Sóc Trăng:G1#1:P3P2,MN,Sóc Trăng,G1,1,P3P2,adjacent_pair,D-4,4,180,,Huế|Khánh Hòa|Kon Tum,16,0.625,0.4081,21.69,0.1875,0.03,15.75,2,48.27
A,MT,MN:Đà Lạt:DB#1:TAIL_HEAD,MN,Đà Lạt,DB,1,TAIL_HEAD,head_tail_cross,W-2,14,180,6,ALL,25,0.68,0.4084,27.16,0.12,0.03,9.0,2,48.09
B,MB,MT:Khánh Hòa:G1#1:TAIL_HEAD,MT,Khánh Hòa,G1,1,TAIL_HEAD,head_tail_cross,D-7,7,180,2,ALL,25,0.56,0.2388,32.12,0.04,0.01,3.0,2,48.04
B,MB,MT:Khánh Hòa:G1#1:TAIL_HEAD,MT,Khánh Hòa,G1,1,TAIL_HEAD,head_tail_cross,D-7,7,180,,Bắc Ninh,25,0.56,0.2388,32.12,0.04,0.01,3.0,2,48.04
B,MB,MT:Khánh Hòa:G1#1:TAIL_HEAD,MT,Khánh Hòa,G1,1,TAIL_HEAD,head_tail_cross,D-7,7,180,2,ALL,25,0.56,0.2388,32.12,0.04,0.01,3.0,2,48.04
B,MB,MT:Khánh Hòa:G1#1:TAIL_HEAD,MT,Khánh Hòa,G1,1,TAIL_HEAD,head_tail_cross,D-7,7,180,,Bắc Ninh,25,0.56,0.2388,32.12,0.04,0.01,3.0,2,48.04
C,MT,MN:Đà Lạt:G2#2:LAST2_REV,MN,Đà Lạt,G2,2,LAST2_REV,tail,D-2,2,180,1,ALL,13,0.6154,0.3062,30.92,0.0769,0.02,5.69,2,48.04
C,MT,MN:Đà Lạt:G2#2:LAST2_REV,MN,Đà Lạt,G2,2,LAST2_REV,tail,D-2,2,180,,Quảng Nam|Đắk Lắk,13,0.6154,0.3062,30.92,0.0769,0.02,5.69,2,48.04
C,MT,MN:Đà Lạt:G2#2:P4P3,MN,Đà Lạt,G2,2,P4P3,adjacent_pair,D-2,2,180,1,ALL,13,0.6154,0.3062,30.92,0.0769,0.02,5.69,2,48.04
C,MT,MN:Đà Lạt:G2#2:P4P3,MN,Đà Lạt,G2,2,P4P3,adjacent_pair,D-2,2,180,,Quảng Nam|Đắk Lắk,13,0.6154,0.3062,30.92,0.0769,0.02,5.69,2,48.04
C,MT,MN:Cần Thơ:G2#2:LAST2_REV,MN,Cần Thơ,G2,2,LAST2_REV,tail,D-6,6,180,1,ALL,13,0.6154,0.3062,30.92,0.0769,0.02,5.69,2,48.04
C,MT,MN:Cần Thơ:G2#2:LAST2_REV,MN,Cần Thơ,G2,2,LAST2_REV,tail,D-6,6,180,,Quảng Nam|Đắk Lắk,13,0.6154,0.3062,30.92,0.0769,0.02,5.69,2,48.04
C,MT,MN:Cần Thơ:G2#2:P4P3,MN,Cần Thơ,G2,2,P4P3,adjacent_pair,D-6,6,180,1,ALL,13,0.6154,0.3062,30.92,0.0769,0.02,5.69,2,48.04
C,MT,MN:Cần Thơ:G2#2:P4P3,MN,Cần Thơ,G2,2,P4P3,adjacent_pair,D-6,6,180,,Quảng Nam|Đắk Lắk,13,0.6154,0.3062,30.92,0.0769,0.02,5.69,2,48.04
C,MT,MN:An Giang:G2#2:FIRST2_REV,MN,An Giang,G2,2,FIRST2_REV,head,D-5,5,180,1,ALL,13,0.5385,0.3062,23.23,0.1538,0.02,13.38,2,48.04
C,MT,MN:An Giang:G2#2:FIRST2_REV,MN,An Giang,G2,2,FIRST2_REV,head,D-5,5,180,,Quảng Nam|Đắk Lắk,13,0.5385,0.3062,23.23,0.1538,0.02,13.38,2,48.04
C,MB,MT:Đà Nẵng:DB#1:P3P2,MT,Đà Nẵng,DB,1,P3P2,adjacent_pair,D-5,5,180,0,ALL,12,0.4167,0.2325,18.42,0.1667,0.01,15.67,2,48.03
A,MN,MB:MB_BOARD:G1#1:P2P4,MB,MB_BOARD,G1,1,P2P4,position_pair,W-3,21,180,1,ALL,25,0.72,0.4112,30.88,0.08,0.03,5.0,2,48.02
A,MN,MB:MB_BOARD:G1#1:P2P4,MB,MB_BOARD,G1,1,P2P4,position_pair,W-3,21,180,,Bạc Liêu|Bến Tre|Vũng Tàu,25,0.72,0.4112,30.88,0.08,0.03,5.0,2,48.02
B,MT,MN:TP. HCM:G1#1:LAST2,MN,TP. HCM,G1,1,LAST2,tail,W-2,14,180,5,ALL,26,0.7308,0.42,31.08,0.0769,0.03,4.69,2,48.01
B,MT,MN:TP. HCM:G1#1:LAST2,MN,TP. HCM,G1,1,LAST2,tail,W-2,14,180,,Quảng Ngãi|Đà Nẵng|Đắk Nông,26,0.7308,0.42,31.08,0.0769,0.03,4.69,2,48.01
B,MT,MN:TP. HCM:DB#1:FIRST2,MN,TP. HCM,DB,1,FIRST2,head,W-2,14,180,5,ALL,26,0.7308,0.42,31.08,0.0769,0.03,4.69,2,48.01
B,MT,MN:TP. HCM:DB#1:FIRST2,MN,TP. HCM,DB,1,FIRST2,head,W-2,14,180,,Quảng Ngãi|Đà Nẵng|Đắk Nông,26,0.7308,0.42,31.08,0.0769,0.03,4.69,2,48.01
B,MB,MB:MB_BOARD:G2#1:P5P2,MB,MB_BOARD,G2,1,P5P2,position_pair,W-2,14,180,1,ALL,24,0.4583,0.2371,22.12,0.125,0.01,11.5,2,47.85
B,MB,MB:MB_BOARD:G2#1:P5P2,MB,MB_BOARD,G2,1,P5P2,position_pair,W-2,14,180,,Quảng Ninh,24,0.4583,0.2371,22.12,0.125,0.01,11.5,2,47.85
A,MT,MN:Kiên Giang:G2#1:LAST2,MN,Kiên Giang,G2,1,LAST2,tail,W-4,28,180,6,ALL,25,0.64,0.4084,23.16,0.16,0.03,13.0,2,47.83
A,MT,MN:Vũng Tàu:G2#1:HEAD_TAIL,MN,Vũng Tàu,G2,1,HEAD_TAIL,head_tail_cross,D-2,2,180,3,ALL,26,0.6154,0.4154,20.0,0.1923,0.03,16.23,2,47.79
A,MT,MN:Vũng Tàu:G2#1:HEAD_TAIL,MN,Vũng Tàu,G2,1,HEAD_TAIL,head_tail_cross,D-2,2,180,,Bình Định|Quảng Bình|Quảng Trị,26,0.6154,0.4154,20.0,0.1923,0.03,16.23,2,47.79
A,MN,MT:Bình Định:DB#1:LAST2_REV,MT,Bình Định,DB,1,LAST2_REV,tail,D-6,6,180,2,ALL,26,0.6923,0.4204,27.19,0.1154,0.0296,8.58,2,47.75
A,MN,MT:Bình Định:DB#1:LAST2_REV,MT,Bình Định,DB,1,LAST2_REV,tail,D-6,6,180,,Cần Thơ|Sóc Trăng|Đồng Nai,26,0.6923,0.4204,27.19,0.1154,0.0296,8.58,2,47.75
A,MN,MB:MB_BOARD:G1#1:P1P3,MB,MB_BOARD,G1,1,P1P3,position_pair,D-1,1,180,1,ALL,25,0.68,0.4116,26.84,0.12,0.03,9.0,2,47.71
A,MN,MB:MB_BOARD:G1#1:P1P3,MB,MB_BOARD,G1,1,P1P3,position_pair,D-1,1,180,,Bạc Liêu|Bến Tre|Vũng Tàu,25,0.68,0.4116,26.84,0.12,0.03,9.0,2,47.71
A,MN,MT:Quảng Bình:G2#1:HEAD_TAIL,MT,Quảng Bình,G2,1,HEAD_TAIL,head_tail_cross,D-7,7,180,3,ALL,26,0.6538,0.4188,23.5,0.1538,0.03,12.38,2,47.64
A,MN,MT:Quảng Bình:G2#1:HEAD_TAIL,MT,Quảng Bình,G2,1,HEAD_TAIL,head_tail_cross,D-7,7,180,,An Giang|Bình Thuận|Tây Ninh,26,0.6538,0.4188,23.5,0.1538,0.03,12.38,2,47.64
A,MN,MT:Quảng Bình:G2#1:HEAD_TAIL,MT,Quảng Bình,G2,1,HEAD_TAIL,head_tail_cross,D-7,7,180,3,ALL,26,0.6538,0.4188,23.5,0.1538,0.03,12.38,2,47.64
A,MN,MT:Quảng Bình:G2#1:HEAD_TAIL,MT,Quảng Bình,G2,1,HEAD_TAIL,head_tail_cross,D-7,7,180,,An Giang|Bình Thuận|Tây Ninh,26,0.6538,0.4188,23.5,0.1538,0.03,12.38,2,47.64
A,MN,MB:MB_BOARD:DB#1:P1P3,MB,MB_BOARD,DB,1,P1P3,position_pair,D-6,6,180,1,ALL,25,0.68,0.4124,26.76,0.12,0.03,9.0,2,47.61
A,MN,MB:MB_BOARD:DB#1:P1P3,MB,MB_BOARD,DB,1,P1P3,position_pair,D-6,6,180,,Bạc Liêu|Bến Tre|Vũng Tàu,25,0.68,0.4124,26.76,0.12,0.03,9.0,2,47.61
A,MN,MB:MB_BOARD:G1#1:P4P3,MB,MB_BOARD,G1,1,P4P3,adjacent_pair,D-5,5,180,1,ALL,25,0.68,0.4124,26.76,0.12,0.03,9.0,2,47.61
A,MN,MB:MB_BOARD:G1#1:P4P3,MB,MB_BOARD,G1,1,P4P3,adjacent_pair,D-5,5,180,,Bạc Liêu|Bến Tre|Vũng Tàu,25,0.68,0.4124,26.76,0.12,0.03,9.0,2,47.61
C,MB,MN:Vũng Tàu:G2#2:FIRST2,MN,Vũng Tàu,G2,2,FIRST2,head,W-4,28,180,1,ALL,15,0.5333,0.2387,29.47,0.0667,0.01,5.67,2,47.59
C,MB,MN:Vũng Tàu:G2#2:FIRST2,MN,Vũng Tàu,G2,2,FIRST2,head,W-4,28,180,,Quảng Ninh,15,0.5333,0.2387,29.47,0.0667,0.01,5.67,2,47.59
B,MB,MB:MB_BOARD:G2#2:SUM_UNIT_HEAD,MB,MB_BOARD,G2,2,SUM_UNIT_HEAD,digit_sum,D-2,2,180,4,ALL,25,0.56,0.2428,31.72,0.04,0.01,3.0,2,47.56
B,MB,MB:MB_BOARD:G2#2:SUM_UNIT_HEAD,MB,MB_BOARD,G2,2,SUM_UNIT_HEAD,digit_sum,D-2,2,180,,Hải Phòng,25,0.56,0.2428,31.72,0.04,0.01,3.0,2,47.56
A,MT,MN:Hậu Giang:G2#1:FIRST2_REV,MN,Hậu Giang,G2,1,FIRST2_REV,head,D-5,5,180,3,ALL,26,0.5769,0.4154,16.15,0.2308,0.03,20.08,2,47.54
A,MT,MN:Hậu Giang:G2#1:FIRST2_REV,MN,Hậu Giang,G2,1,FIRST2_REV,head,D-5,5,180,,Bình Định|Quảng Bình|Quảng Trị,26,0.5769,0.4154,16.15,0.2308,0.03,20.08,2,47.54
C,MB,MT:Đà Nẵng:G2#2:LAST2,MT,Đà Nẵng,G2,2,LAST2,tail,W-3,21,180,2,ALL,15,0.5333,0.2393,29.4,0.0667,0.01,5.67,2,47.51
C,MB,MT:Đà Nẵng:G2#2:LAST2,MT,Đà Nẵng,G2,2,LAST2,tail,W-3,21,180,,Bắc Ninh,15,0.5333,0.2393,29.4,0.0667,0.01,5.67,2,47.51
C,MN,MT:Khánh Hòa:G2#2:FIRST2_REV,MT,Khánh Hòa,G2,2,FIRST2_REV,head,D-4,4,180,3,ALL,16,0.75,0.4225,32.75,0.0625,0.03,3.25,2,47.38
C,MN,MT:Khánh Hòa:G2#2:FIRST2_REV,MT,Khánh Hòa,G2,2,FIRST2_REV,head,D-4,4,180,,An Giang|Bình Thuận|Tây Ninh,16,0.75,0.4225,32.75,0.0625,0.03,3.25,2,47.38
C,MN,MT:Khánh Hòa:G1#1:P4P3,MT,Khánh Hòa,G1,1,P4P3,adjacent_pair,D-3,3,180,5,ALL,13,0.8462,0.5208,32.54,0.0769,0.04,3.69,2,47.21
C,MN,MT:Khánh Hòa:G1#1:P4P3,MT,Khánh Hòa,G1,1,P4P3,adjacent_pair,D-3,3,180,,Bình Phước|Hậu Giang|Long An|TP. HCM,13,0.8462,0.5208,32.54,0.0769,0.04,3.69,2,47.21
B,MN,MB:MB_BOARD:G2#2:P5P3,MB,MB_BOARD,G2,2,P5P3,position_pair,W-2,14,180,2,ALL,25,0.76,0.4208,33.92,0.04,0.0296,1.04,2,47.18
B,MN,MB:MB_BOARD:G2#2:P5P3,MB,MB_BOARD,G2,2,P5P3,position_pair,W-2,14,180,,Cần Thơ|Sóc Trăng|Đồng Nai,25,0.76,0.4208,33.92,0.04,0.0296,1.04,2,47.18
C,MN,MT:Ninh Thuận:G2#2:HEAD_TAIL,MT,Ninh Thuận,G2,2,HEAD_TAIL,head_tail_cross,D-5,5,180,2,ALL,16,0.6875,0.4213,26.62,0.125,0.0294,9.56,2,47.18
C,MN,MT:Ninh Thuận:G2#2:HEAD_TAIL,MT,Ninh Thuận,G2,2,HEAD_TAIL,head_tail_cross,D-5,5,180,,Cần Thơ|Sóc Trăng|Đồng Nai,16,0.6875,0.4213,26.62,0.125,0.0294,9.56,2,47.18
C,MN,MT:Phú Yên:G2#2:P3P2,MT,Phú Yên,G2,2,P3P2,adjacent_pair,W-3,21,180,0,ALL,16,0.6875,0.4219,26.56,0.125,0.03,9.5,2,47.04
C,MN,MT:Phú Yên:G2#2:P3P2,MT,Phú Yên,G2,2,P3P2,adjacent_pair,W-3,21,180,,Cà Mau|TP. HCM|Đồng Tháp,16,0.6875,0.4219,26.56,0.125,0.03,9.5,2,47.04
A,MT,MN:Bình Phước:G1#1:TAIL_HEAD,MN,Bình Phước,G1,1,TAIL_HEAD,head_tail_cross,W-4,28,180,5,ALL,26,0.5769,0.42,15.69,0.2308,0.03,20.08,2,46.98
A,MT,MN:Bình Phước:G1#1:TAIL_HEAD,MN,Bình Phước,G1,1,TAIL_HEAD,head_tail_cross,W-4,28,180,,Quảng Ngãi|Đà Nẵng|Đắk Nông,26,0.5769,0.42,15.69,0.2308,0.03,20.08,2,46.98
A,MN,MB:MB_BOARD:G1#1:SUM_UNIT_HEAD,MB,MB_BOARD,G1,1,SUM_UNIT_HEAD,digit_sum,W-2,14,180,3,ALL,25,0.68,0.4184,26.16,0.12,0.03,9.0,2,46.89
A,MN,MB:MB_BOARD:G1#1:SUM_UNIT_HEAD,MB,MB_BOARD,G1,1,SUM_UNIT_HEAD,digit_sum,W-2,14,180,,An Giang|Bình Thuận|Tây Ninh,25,0.68,0.4184,26.16,0.12,0.03,9.0,2,46.89
C,MT,MB:MB_BOARD:DB#1:HEAD_SECOND_LAST,MB,MB_BOARD,DB,1,HEAD_SECOND_LAST,head_secondlast_cross,D-3,3,180,,Huế|Khánh Hòa|Kon Tum,15,0.6,0.406,19.4,0.2,0.03,17.0,2,46.85
C,MT,MB:MB_BOARD:DB#1:P1P4,MB,MB_BOARD,DB,1,P1P4,position_pair,D-3,3,180,,Huế|Khánh Hòa|Kon Tum,15,0.6,0.406,19.4,0.2,0.03,17.0,2,46.85
B,MT,MB:MB_BOARD:G2#2:FIRST2_REV,MB,MB_BOARD,G2,2,FIRST2_REV,head,D-3,3,180,6,ALL,24,0.6667,0.41,25.67,0.125,0.03,9.5,2,46.77
B,MT,MB:MB_BOARD:G2#2:P2P1,MB,MB_BOARD,G2,2,P2P1,adjacent_pair,D-3,3,180,6,ALL,24,0.6667,0.41,25.67,0.125,0.03,9.5,2,46.77
A,MN,MB:MB_BOARD:G2#1:P4P2,MB,MB_BOARD,G2,1,P4P2,position_pair,D-3,3,180,3,ALL,25,0.68,0.42,26.0,0.12,0.03,9.0,2,46.7
A,MN,MB:MB_BOARD:G2#1:P4P2,MB,MB_BOARD,G2,1,P4P2,position_pair,D-3,3,180,,An Giang|Bình Thuận|Tây Ninh,25,0.68,0.42,26.0,0.12,0.03,9.0,2,46.7
A,MN,MB:MB_BOARD:G2#2:TAIL_HEAD,MB,MB_BOARD,G2,2,TAIL_HEAD,head_tail_cross,D-3,3,180,0,ALL,25,0.68,0.4208,25.92,0.12,0.03,9.0,2,46.6
A,MN,MB:MB_BOARD:G2#2:TAIL_HEAD,MB,MB_BOARD,G2,2,TAIL_HEAD,head_tail_cross,D-3,3,180,,Cà Mau|TP. HCM|Đồng Tháp,25,0.68,0.4208,25.92,0.12,0.03,9.0,2,46.6
A,MN,MB:MB_BOARD:G2#2:SUM_UNIT_TAIL,MB,MB_BOARD,G2,2,SUM_UNIT_TAIL,digit_sum,D-2,2,180,0,ALL,25,0.68,0.4208,25.92,0.12,0.03,9.0,2,46.6
A,MN,MB:MB_BOARD:G2#2:SUM_UNIT_TAIL,MB,MB_BOARD,G2,2,SUM_UNIT_TAIL,digit_sum,D-2,2,180,,Cà Mau|TP. HCM|Đồng Tháp,25,0.68,0.4208,25.92,0.12,0.03,9.0,2,46.6
A,MN,MB:MB_BOARD:G2#2:P5P1,MB,MB_BOARD,G2,2,P5P1,position_pair,D-3,3,180,0,ALL,25,0.68,0.4208,25.92,0.12,0.03,9.0,2,46.6
A,MN,MB:MB_BOARD:G2#2:P5P1,MB,MB_BOARD,G2,2,P5P1,position_pair,D-3,3,180,,Cà Mau|TP. HCM|Đồng Tháp,25,0.68,0.4208,25.92,0.12,0.03,9.0,2,46.6
A,MN,MT:Gia Lai:G2#1:P4P1,MT,Gia Lai,G2,1,P4P1,position_pair,D-3,3,180,0,ALL,25,0.68,0.4208,25.92,0.12,0.03,9.0,2,46.6
A,MN,MT:Gia Lai:G2#1:P4P1,MT,Gia Lai,G2,1,P4P1,position_pair,D-3,3,180,,Cà Mau|TP. HCM|Đồng Tháp,25,0.68,0.4208,25.92,0.12,0.03,9.0,2,46.6
B,MT,MB:MB_BOARD:G1#1:SUM_UNIT_HEAD,MB,MB_BOARD,G1,1,SUM_UNIT_HEAD,digit_sum,D-6,6,180,0,ALL,24,0.5,0.3021,19.79,0.1667,0.02,14.67,2,46.55
C,MB,MN:TP. HCM:G2#1:P5P4,MN,TP. HCM,G2,1,P5P4,adjacent_pair,D-2,2,180,0,ALL,12,0.5,0.2317,26.83,0.0833,0.01,7.33,2,46.47
C,MB,MN:TP. HCM:G2#1:P5P4,MN,TP. HCM,G2,1,P5P4,adjacent_pair,D-2,2,180,,Hà Nội,12,0.5,0.2317,26.83,0.0833,0.01,7.33,2,46.47
A,MN,MB:MB_BOARD:G1#1:HEAD_TAIL,MB,MB_BOARD,G1,1,HEAD_TAIL,head_tail_cross,D-7,7,180,2,ALL,25,0.64,0.42,22.0,0.16,0.0296,13.04,2,46.47
A,MN,MB:MB_BOARD:G1#1:HEAD_TAIL,MB,MB_BOARD,G1,1,HEAD_TAIL,head_tail_cross,D-7,7,180,,Cần Thơ|Sóc Trăng|Đồng Nai,25,0.64,0.42,22.0,0.16,0.0296,13.04,2,46.47
A,MN,MB:MB_BOARD:G1#1:HEAD_TAIL,MB,MB_BOARD,G1,1,HEAD_TAIL,head_tail_cross,D-7,7,180,2,ALL,25,0.64,0.42,22.0,0.16,0.0296,13.04,2,46.47
A,MN,MB:MB_BOARD:G1#1:HEAD_TAIL,MB,MB_BOARD,G1,1,HEAD_TAIL,head_tail_cross,D-7,7,180,,Cần Thơ|Sóc Trăng|Đồng Nai,25,0.64,0.42,22.0,0.16,0.0296,13.04,2,46.47
A,MN,MB:MB_BOARD:G1#1:P1P5,MB,MB_BOARD,G1,1,P1P5,position_pair,D-7,7,180,2,ALL,25,0.64,0.42,22.0,0.16,0.0296,13.04,2,46.47
A,MN,MB:MB_BOARD:G1#1:P1P5,MB,MB_BOARD,G1,1,P1P5,position_pair,D-7,7,180,,Cần Thơ|Sóc Trăng|Đồng Nai,25,0.64,0.42,22.0,0.16,0.0296,13.04,2,46.47
A,MN,MB:MB_BOARD:G1#1:P1P5,MB,MB_BOARD,G1,1,P1P5,position_pair,D-7,7,180,2,ALL,25,0.64,0.42,22.0,0.16,0.0296,13.04,2,46.47
A,MN,MB:MB_BOARD:G1#1:P1P5,MB,MB_BOARD,G1,1,P1P5,position_pair,D-7,7,180,,Cần Thơ|Sóc Trăng|Đồng Nai,25,0.64,0.42,22.0,0.16,0.0296,13.04,2,46.47
C,MN,MT:Gia Lai:G2#2:TAIL_HEAD,MT,Gia Lai,G2,2,TAIL_HEAD,head_tail_cross,D-2,2,180,6,ALL,15,0.6667,0.4213,24.53,0.1333,0.0287,10.47,2,46.47
C,MN,MT:Gia Lai:G2#2:TAIL_HEAD,MT,Gia Lai,G2,2,TAIL_HEAD,head_tail_cross,D-2,2,180,,Kiên Giang|Tiền Giang|Đà Lạt,15,0.6667,0.4213,24.53,0.1333,0.0287,10.47,2,46.47
C,MN,MT:Gia Lai:G2#2:P4P1,MT,Gia Lai,G2,2,P4P1,position_pair,D-2,2,180,6,ALL,15,0.6667,0.4213,24.53,0.1333,0.0287,10.47,2,46.47
C,MN,MT:Gia Lai:G2#2:P4P1,MT,Gia Lai,G2,2,P4P1,position_pair,D-2,2,180,,Kiên Giang|Tiền Giang|Đà Lạt,15,0.6667,0.4213,24.53,0.1333,0.0287,10.47,2,46.47
A,MN,MB:MB_BOARD:DB#1:FIRST2_REV,MB,MB_BOARD,DB,1,FIRST2_REV,head,D-4,4,180,4,ALL,25,0.72,0.4248,29.52,0.08,0.03,5.0,2,46.39
A,MN,MB:MB_BOARD:DB#1:FIRST2_REV,MB,MB_BOARD,DB,1,FIRST2_REV,head,D-4,4,180,,Bình Dương|Trà Vinh|Vĩnh Long,25,0.72,0.4248,29.52,0.08,0.03,5.0,2,46.39
A,MN,MB:MB_BOARD:DB#1:P2P1,MB,MB_BOARD,DB,1,P2P1,adjacent_pair,D-4,4,180,4,ALL,25,0.72,0.4248,29.52,0.08,0.03,5.0,2,46.39
A,MN,MB:MB_BOARD:DB#1:P2P1,MB,MB_BOARD,DB,1,P2P1,adjacent_pair,D-4,4,180,,Bình Dương|Trà Vinh|Vĩnh Long,25,0.72,0.4248,29.52,0.08,0.03,5.0,2,46.39
C,MB,MT:Khánh Hòa:DB#1:P6P5,MT,Khánh Hòa,DB,1,P6P5,adjacent_pair,D-5,5,180,0,ALL,12,0.5,0.2325,26.75,0.0833,0.01,7.33,2,46.37
C,MB,MT:Khánh Hòa:DB#1:P6P5,MT,Khánh Hòa,DB,1,P6P5,adjacent_pair,D-5,5,180,,Hà Nội,12,0.5,0.2325,26.75,0.0833,0.01,7.33,2,46.37
C,MN,MT:Thừa Thiên Huế:G2#1:P4P3,MT,Thừa Thiên Huế,G2,1,P4P3,adjacent_pair,D-5,5,180,5,ALL,12,0.8333,0.52,31.33,0.0833,0.04,4.33,2,46.37
C,MN,MT:Thừa Thiên Huế:G2#1:P4P3,MT,Thừa Thiên Huế,G2,1,P4P3,adjacent_pair,D-5,5,180,,Bình Phước|Hậu Giang|Long An|TP. HCM,12,0.8333,0.52,31.33,0.0833,0.04,4.33,2,46.37
C,MT,MB:MB_BOARD:DB#1:P2P4,MB,MB_BOARD,DB,1,P2P4,position_pair,D-5,5,180,,Huế|Phú Yên,13,0.5385,0.3038,23.46,0.1538,0.02,13.38,1,46.32
C,MT,MB:MB_BOARD:G1#1:P3P5,MB,MB_BOARD,G1,1,P3P5,position_pair,W-4,28,180,,Huế|Phú Yên,13,0.4615,0.3038,15.77,0.2308,0.02,21.08,1,46.32
C,MT,MB:MB_BOARD:G2#1:P3P4,MB,MB_BOARD,G2,1,P3P4,adjacent_pair,W-4,28,180,,Huế|Phú Yên,13,0.5385,0.3038,23.46,0.1538,0.02,13.38,1,46.32
A,MN,MB:MB_BOARD:G1#1:P2P4,MB,MB_BOARD,G1,1,P2P4,position_pair,D-4,4,180,4,ALL,25,0.68,0.4248,25.52,0.12,0.03,9.0,2,46.12
A,MN,MB:MB_BOARD:G1#1:P2P4,MB,MB_BOARD,G1,1,P2P4,position_pair,D-4,4,180,,Bình Dương|Trà Vinh|Vĩnh Long,25,0.68,0.4248,25.52,0.12,0.03,9.0,2,46.12
C,MN,MT:Huế:G1#1:FIRST2,MT,Huế,G1,1,FIRST2,head,W-2,14,180,0,ALL,15,0.6667,0.418,24.87,0.1333,0.03,10.33,2,45.85
C,MN,MT:Huế:G1#1:FIRST2,MT,Huế,G1,1,FIRST2,head,W-2,14,180,,Cà Mau|TP. HCM|Đồng Tháp,15,0.6667,0.418,24.87,0.1333,0.03,10.33,2,45.85
C,MN,MT:Phú Yên:G2#2:P3P2,MT,Phú Yên,G2,2,P3P2,adjacent_pair,W-2,14,180,0,ALL,15,0.6667,0.418,24.87,0.1333,0.03,10.33,2,45.85
C,MN,MT:Phú Yên:G2#2:P3P2,MT,Phú Yên,G2,2,P3P2,adjacent_pair,W-2,14,180,,Cà Mau|TP. HCM|Đồng Tháp,15,0.6667,0.418,24.87,0.1333,0.03,10.33,2,45.85
B,MT,MN:TP. HCM:G2#1:P4P3,MN,TP. HCM,G2,1,P4P3,adjacent_pair,D-4,4,180,4,ALL,26,0.6154,0.305,31.04,0.0385,0.0192,1.92,2,45.71
B,MT,MN:TP. HCM:G2#1:P4P3,MN,TP. HCM,G2,1,P4P3,adjacent_pair,D-4,4,180,,Gia Lai|Ninh Thuận,26,0.6154,0.305,31.04,0.0385,0.0192,1.92,2,45.71
C,MT,MN:Cà Mau:G2#2:TAIL_HEAD,MN,Cà Mau,G2,2,TAIL_HEAD,head_tail_cross,D-2,2,180,2,ALL,12,0.6667,0.2992,36.75,0.0,0.02,-2.0,2,45.7
C,MT,MN:Cà Mau:G2#2:TAIL_HEAD,MN,Cà Mau,G2,2,TAIL_HEAD,head_tail_cross,D-2,2,180,,Khánh Hòa|Đà Nẵng,12,0.6667,0.2992,36.75,0.0,0.02,-2.0,2,45.7
C,MT,MN:Cà Mau:G2#2:P4P1,MN,Cà Mau,G2,2,P4P1,position_pair,D-2,2,180,2,ALL,12,0.6667,0.2992,36.75,0.0,0.02,-2.0,2,45.7
C,MT,MN:Cà Mau:G2#2:P4P1,MN,Cà Mau,G2,2,P4P1,position_pair,D-2,2,180,,Khánh Hòa|Đà Nẵng,12,0.6667,0.2992,36.75,0.0,0.02,-2.0,2,45.7
C,MT,MN:Vũng Tàu:G2#2:LAST2_REV,MN,Vũng Tàu,G2,2,LAST2_REV,tail,D-1,1,180,2,ALL,12,0.5,0.2992,20.08,0.1667,0.02,14.67,2,45.7
C,MT,MN:Vũng Tàu:G2#2:LAST2_REV,MN,Vũng Tàu,G2,2,LAST2_REV,tail,D-1,1,180,,Khánh Hòa|Đà Nẵng,12,0.5,0.2992,20.08,0.1667,0.02,14.67,2,45.7
C,MT,MN:Vũng Tàu:G2#2:P4P3,MN,Vũng Tàu,G2,2,P4P3,adjacent_pair,D-1,1,180,2,ALL,12,0.5,0.2992,20.08,0.1667,0.02,14.67,2,45.7
C,MT,MN:Vũng Tàu:G2#2:P4P3,MN,Vũng Tàu,G2,2,P4P3,adjacent_pair,D-1,1,180,,Khánh Hòa|Đà Nẵng,12,0.5,0.2992,20.08,0.1667,0.02,14.67,2,45.7
A,MB,MB:MB_BOARD:DB#1:P2P3,MB,MB_BOARD,DB,1,P2P3,adjacent_pair,D-5,5,180,4,ALL,26,0.5,0.2427,25.73,0.0769,0.01,6.69,2,45.65
A,MB,MB:MB_BOARD:DB#1:P2P3,MB,MB_BOARD,DB,1,P2P3,adjacent_pair,D-5,5,180,,Hải Phòng,26,0.5,0.2427,25.73,0.0769,0.01,6.69,2,45.65
A,MB,MB:MB_BOARD:G1#1:SUM_LAST2,MB,MB_BOARD,G1,1,SUM_LAST2,digit_sum,W-4,28,180,4,ALL,26,0.5,0.2427,25.73,0.0769,0.01,6.69,2,45.65
A,MB,MB:MB_BOARD:G1#1:SUM_LAST2,MB,MB_BOARD,G1,1,SUM_LAST2,digit_sum,W-4,28,180,,Hải Phòng,26,0.5,0.2427,25.73,0.0769,0.01,6.69,2,45.65
C,MB,MN:Bình Thuận:G2#2:P3P2,MN,Bình Thuận,G2,2,P3P2,adjacent_pair,D-5,5,180,1,ALL,12,0.5,0.2392,26.08,0.0833,0.01,7.33,2,45.57
C,MB,MN:Bình Thuận:G2#2:P3P2,MN,Bình Thuận,G2,2,P3P2,adjacent_pair,D-5,5,180,,Quảng Ninh,12,0.5,0.2392,26.08,0.0833,0.01,7.33,2,45.57
C,MB,MN:Đà Lạt:G2#2:LAST2_REV,MN,Đà Lạt,G2,2,LAST2_REV,tail,W-2,14,180,6,ALL,14,0.4286,0.2393,18.93,0.1429,0.01,13.29,2,45.51
C,MB,MN:Đà Lạt:G2#2:LAST2_REV,MN,Đà Lạt,G2,2,LAST2_REV,tail,W-2,14,180,,Thái Bình,14,0.4286,0.2393,18.93,0.1429,0.01,13.29,2,45.51
C,MB,MN:Đà Lạt:G2#2:P4P3,MN,Đà Lạt,G2,2,P4P3,adjacent_pair,W-2,14,180,6,ALL,14,0.4286,0.2393,18.93,0.1429,0.01,13.29,2,45.51
C,MB,MN:Đà Lạt:G2#2:P4P3,MN,Đà Lạt,G2,2,P4P3,adjacent_pair,W-2,14,180,,Thái Bình,14,0.4286,0.2393,18.93,0.1429,0.01,13.29,2,45.51
A,MT,MN:Cà Mau:G2#1:HEAD_TAIL,MN,Cà Mau,G2,1,HEAD_TAIL,head_tail_cross,D-2,2,180,2,ALL,26,0.5769,0.3,27.69,0.0769,0.02,5.69,2,45.46
A,MT,MN:Cà Mau:G2#1:HEAD_TAIL,MN,Cà Mau,G2,1,HEAD_TAIL,head_tail_cross,D-2,2,180,,Khánh Hòa|Đà Nẵng,26,0.5769,0.3,27.69,0.0769,0.02,5.69,2,45.46
C,MB,MN:TP. HCM:G1#1:P4P3,MN,TP. HCM,G1,1,P4P3,adjacent_pair,D-1,1,180,6,ALL,12,0.5,0.2408,25.92,0.0833,0.01,7.33,2,45.37
C,MB,MN:TP. HCM:G1#1:P4P3,MN,TP. HCM,G1,1,P4P3,adjacent_pair,D-1,1,180,,Thái Bình,12,0.5,0.2408,25.92,0.0833,0.01,7.33,2,45.37
C,MT,MB:MB_BOARD:DB#1:LAST2,MB,MB_BOARD,DB,1,LAST2,tail,D-4,4,180,,Huế|Phú Yên,12,0.6667,0.3025,36.42,0.0,0.02,-2.0,2,45.3
C,MT,MB:MB_BOARD:DB#1:HEAD_SECOND_LAST,MB,MB_BOARD,DB,1,HEAD_SECOND_LAST,head_secondlast_cross,D-2,2,180,,Phú Yên|Thừa Thiên Huế,12,0.5,0.3025,19.75,0.1667,0.02,14.67,2,45.3
C,MT,MB:MB_BOARD:DB#1:P1P3,MB,MB_BOARD,DB,1,P1P3,position_pair,D-4,4,180,,Huế|Phú Yên,12,0.6667,0.3025,36.42,0.0,0.02,-2.0,2,45.3
C,MT,MB:MB_BOARD:DB#1:P1P4,MB,MB_BOARD,DB,1,P1P4,position_pair,D-2,2,180,,Phú Yên|Thừa Thiên Huế,12,0.5,0.3025,19.75,0.1667,0.02,14.67,2,45.3
C,MT,MB:MB_BOARD:DB#1:P2P3,MB,MB_BOARD,DB,1,P2P3,adjacent_pair,D-4,4,180,,Huế|Phú Yên,12,0.5833,0.3025,28.08,0.0833,0.02,6.33,2,45.3
C,MT,MB:MB_BOARD:DB#1:P3P5,MB,MB_BOARD,DB,1,P3P5,position_pair,D-1,1,180,,Phú Yên|Thừa Thiên Huế,12,0.5833,0.3025,28.08,0.0833,0.02,6.33,2,45.3
C,MT,MB:MB_BOARD:DB#1:P4P5,MB,MB_BOARD,DB,1,P4P5,adjacent_pair,D-4,4,180,,Huế|Phú Yên,12,0.6667,0.3025,36.42,0.0,0.02,-2.0,2,45.3
C,MT,MB:MB_BOARD:G1#1:SECOND_HEAD_TAIL,MB,MB_BOARD,G1,1,SECOND_HEAD_TAIL,head_secondlast_cross,D-2,2,180,,Phú Yên|Thừa Thiên Huế,12,0.5833,0.3025,28.08,0.0833,0.02,6.33,2,45.3
C,MT,MB:MB_BOARD:G1#1:P2P5,MB,MB_BOARD,G1,1,P2P5,position_pair,D-2,2,180,,Phú Yên|Thừa Thiên Huế,12,0.5833,0.3025,28.08,0.0833,0.02,6.33,2,45.3
C,MT,MB:MB_BOARD:G1#1:P5P3,MB,MB_BOARD,G1,1,P5P3,position_pair,D-3,3,180,,Phú Yên|Thừa Thiên Huế,12,0.6667,0.3025,36.42,0.0,0.02,-2.0,2,45.3
C,MT,MB:MB_BOARD:G2#1:P4P3,MB,MB_BOARD,G2,1,P4P3,adjacent_pair,D-3,3,180,,Phú Yên|Thừa Thiên Huế,12,0.6667,0.3025,36.42,0.0,0.02,-2.0,2,45.3
C,MT,MB:MB_BOARD:G2#2:FIRST2,MB,MB_BOARD,G2,2,FIRST2,head,D-1,1,180,,Phú Yên|Thừa Thiên Huế,12,0.6667,0.3025,36.42,0.0,0.02,-2.0,2,45.3
C,MT,MB:MB_BOARD:G2#2:TAIL_HEAD,MB,MB_BOARD,G2,2,TAIL_HEAD,head_tail_cross,D-3,3,180,,Phú Yên|Thừa Thiên Huế,12,0.6667,0.3025,36.42,0.0,0.02,-2.0,2,45.3
C,MT,MB:MB_BOARD:G2#2:P1P2,MB,MB_BOARD,G2,2,P1P2,adjacent_pair,D-1,1,180,,Phú Yên|Thừa Thiên Huế,12,0.6667,0.3025,36.42,0.0,0.02,-2.0,2,45.3
C,MT,MB:MB_BOARD:G2#2:P2P4,MB,MB_BOARD,G2,2,P2P4,position_pair,D-2,2,180,,Phú Yên|Thừa Thiên Huế,12,0.5,0.3025,19.75,0.1667,0.02,14.67,2,45.3
C,MT,MB:MB_BOARD:G2#2:P5P1,MB,MB_BOARD,G2,2,P5P1,position_pair,D-3,3,180,,Phú Yên|Thừa Thiên Huế,12,0.6667,0.3025,36.42,0.0,0.02,-2.0,2,45.3
C,MT,MN:Bình Dương:DB#1:TAIL_HEAD,MN,Bình Dương,DB,1,TAIL_HEAD,head_tail_cross,D-3,3,180,,Phú Yên|Thừa Thiên Huế,12,0.5833,0.3025,28.08,0.0833,0.02,6.33,2,45.3
C,MT,MN:Trà Vinh:DB#1:LAST2_REV,MN,Trà Vinh,DB,1,LAST2_REV,tail,D-3,3,180,,Phú Yên|Thừa Thiên Huế,12,0.5833,0.3025,28.08,0.0833,0.02,6.33,2,45.3
C,MT,MN:Hậu Giang:DB#1:TAIL_HEAD,MN,Hậu Giang,DB,1,TAIL_HEAD,head_tail_cross,D-2,2,180,,Phú Yên|Thừa Thiên Huế,12,0.6667,0.3025,36.42,0.0,0.02,-2.0,2,45.3
C,MT,MN:TP. HCM:DB#1:P6P5,MN,TP. HCM,DB,1,P6P5,adjacent_pair,D-4,4,180,2,ALL,12,0.6667,0.3025,36.42,0.0,0.02,-2.0,2,45.3
C,MT,MN:TP. HCM:DB#1:P6P5,MN,TP. HCM,DB,1,P6P5,adjacent_pair,D-4,4,180,,Khánh Hòa|Đà Nẵng,12,0.6667,0.3025,36.42,0.0,0.02,-2.0,2,45.3
C,MT,MN:Kiên Giang:G2#1:FIRST2,MN,Kiên Giang,G2,1,FIRST2,head,D-1,1,180,,Phú Yên|Thừa Thiên Huế,12,0.5,0.3025,19.75,0.1667,0.02,14.67,2,45.3
C,MT,MN:Tiền Giang:G2#1:LAST2_REV,MN,Tiền Giang,G2,1,LAST2_REV,tail,D-1,1,180,,Phú Yên|Thừa Thiên Huế,12,0.4167,0.3025,11.42,0.25,0.02,23.0,2,45.3
C,MT,MN:Cà Mau:G2#1:LAST2,MN,Cà Mau,G2,1,LAST2,tail,W-4,28,180,,Phú Yên|Thừa Thiên Huế,12,0.6667,0.3025,36.42,0.0,0.02,-2.0,2,45.3
C,MT,MN:Cà Mau:G2#1:HEAD_TAIL,MN,Cà Mau,G2,1,HEAD_TAIL,head_tail_cross,W-4,28,180,,Phú Yên|Thừa Thiên Huế,12,0.5,0.3025,19.75,0.1667,0.02,14.67,2,45.3
C,MT,MN:Đồng Tháp:G2#1:LAST2,MN,Đồng Tháp,G2,1,LAST2,tail,W-3,21,180,,Phú Yên|Thừa Thiên Huế,12,0.6667,0.3025,36.42,0.0,0.02,-2.0,2,45.3
C,MT,MN:Đồng Tháp:G2#1:HEAD_TAIL,MN,Đồng Tháp,G2,1,HEAD_TAIL,head_tail_cross,W-2,14,180,,Phú Yên|Thừa Thiên Huế,12,0.5833,0.3025,28.08,0.0833,0.02,6.33,2,45.3
C,MT,MN:Đồng Tháp:G1#1:FIRST2,MN,Đồng Tháp,G1,1,FIRST2,head,W-4,28,180,,Phú Yên|Thừa Thiên Huế,12,0.6667,0.3025,36.42,0.0,0.02,-2.0,2,45.3
C,MB,MN:Bình Thuận:G2#2:LAST2,MN,Bình Thuận,G2,2,LAST2,tail,D-5,5,180,1,ALL,12,0.4167,0.2392,17.75,0.1667,0.01,15.67,1,45.23
C,MB,MN:Bình Thuận:G2#2:LAST2,MN,Bình Thuận,G2,2,LAST2,tail,D-5,5,180,,Quảng Ninh,12,0.4167,0.2392,17.75,0.1667,0.01,15.67,1,45.23
B,MB,MB:MB_BOARD:DB#1:HEAD_SUM_UNIT,MB,MB_BOARD,DB,1,HEAD_SUM_UNIT,digit_sum,D-7,7,180,2,ALL,24,0.5833,0.2383,34.5,0.0,0.01,-1.0,2,45.2
B,MB,MB:MB_BOARD:DB#1:HEAD_SUM_UNIT,MB,MB_BOARD,DB,1,HEAD_SUM_UNIT,digit_sum,D-7,7,180,,Bắc Ninh,24,0.5833,0.2383,34.5,0.0,0.01,-1.0,2,45.2
B,MB,MB:MB_BOARD:DB#1:HEAD_SUM_UNIT,MB,MB_BOARD,DB,1,HEAD_SUM_UNIT,digit_sum,D-7,7,180,2,ALL,24,0.5833,0.2383,34.5,0.0,0.01,-1.0,2,45.2
B,MB,MB:MB_BOARD:DB#1:HEAD_SUM_UNIT,MB,MB_BOARD,DB,1,HEAD_SUM_UNIT,digit_sum,D-7,7,180,,Bắc Ninh,24,0.5833,0.2383,34.5,0.0,0.01,-1.0,2,45.2
A,MB,MN:Bạc Liêu:DB#1:FIRST2_REV,MN,Bạc Liêu,DB,1,FIRST2_REV,head,W-2,14,180,1,ALL,25,0.44,0.2368,20.32,0.12,0.01,11.0,2,45.08
A,MB,MN:Bạc Liêu:DB#1:FIRST2_REV,MN,Bạc Liêu,DB,1,FIRST2_REV,head,W-2,14,180,,Quảng Ninh,25,0.44,0.2368,20.32,0.12,0.01,11.0,2,45.08
C,MT,MN:TP. HCM:G2#2:HEAD_TAIL,MN,TP. HCM,G2,2,HEAD_TAIL,head_tail_cross,D-7,7,180,0,ALL,12,0.6667,0.305,36.17,0.0,0.02,-2.0,2,45.0
C,MT,MN:TP. HCM:G2#2:HEAD_TAIL,MN,TP. HCM,G2,2,HEAD_TAIL,head_tail_cross,D-7,7,180,0,ALL,12,0.6667,0.305,36.17,0.0,0.02,-2.0,2,45.0
C,MT,MN:Tây Ninh:G2#2:TAIL_HEAD,MN,Tây Ninh,G2,2,TAIL_HEAD,head_tail_cross,D-4,4,180,0,ALL,12,0.5,0.305,19.5,0.1667,0.02,14.67,2,45.0
C,MT,MN:Tây Ninh:G2#2:P4P1,MN,Tây Ninh,G2,2,P4P1,position_pair,D-4,4,180,0,ALL,12,0.5,0.305,19.5,0.1667,0.02,14.67,2,45.0
A,MT,MB:MB_BOARD:DB#1:TAIL_HEAD,MB,MB_BOARD,DB,1,TAIL_HEAD,head_tail_cross,D-4,4,180,1,ALL,26,0.5769,0.3042,27.27,0.0769,0.02,5.69,2,44.95
A,MT,MB:MB_BOARD:DB#1:TAIL_HEAD,MB,MB_BOARD,DB,1,TAIL_HEAD,head_tail_cross,D-4,4,180,,Quảng Nam|Đắk Lắk,26,0.5769,0.3042,27.27,0.0769,0.02,5.69,2,44.95
B,MT,MB:MB_BOARD:DB#1:SECOND_HEAD_TAIL,MB,MB_BOARD,DB,1,SECOND_HEAD_TAIL,head_secondlast_cross,D-3,3,180,1,ALL,26,0.6538,0.3042,34.96,0.0,0.02,-2.0,2,44.95
B,MT,MB:MB_BOARD:DB#1:SECOND_HEAD_TAIL,MB,MB_BOARD,DB,1,SECOND_HEAD_TAIL,head_secondlast_cross,D-3,3,180,,Quảng Nam|Đắk Lắk,26,0.6538,0.3042,34.96,0.0,0.02,-2.0,2,44.95
B,MT,MB:MB_BOARD:DB#1:P2P5,MB,MB_BOARD,DB,1,P2P5,position_pair,D-3,3,180,1,ALL,26,0.6538,0.3042,34.96,0.0,0.02,-2.0,2,44.95
B,MT,MB:MB_BOARD:DB#1:P2P5,MB,MB_BOARD,DB,1,P2P5,position_pair,D-3,3,180,,Quảng Nam|Đắk Lắk,26,0.6538,0.3042,34.96,0.0,0.02,-2.0,2,44.95
A,MT,MB:MB_BOARD:DB#1:P5P1,MB,MB_BOARD,DB,1,P5P1,position_pair,D-4,4,180,1,ALL,26,0.5769,0.3042,27.27,0.0769,0.02,5.69,2,44.95
A,MT,MB:MB_BOARD:DB#1:P5P1,MB,MB_BOARD,DB,1,P5P1,position_pair,D-4,4,180,,Quảng Nam|Đắk Lắk,26,0.5769,0.3042,27.27,0.0769,0.02,5.69,2,44.95
A,MT,MB:MB_BOARD:G2#1:SUM_LAST2,MB,MB_BOARD,G2,1,SUM_LAST2,digit_sum,D-4,4,180,1,ALL,26,0.5769,0.3042,27.27,0.0769,0.02,5.69,2,44.95
A,MT,MB:MB_BOARD:G2#1:SUM_LAST2,MB,MB_BOARD,G2,1,SUM_LAST2,digit_sum,D-4,4,180,,Quảng Nam|Đắk Lắk,26,0.5769,0.3042,27.27,0.0769,0.02,5.69,2,44.95
A,MT,MN:Hậu Giang:G2#1:FIRST2,MN,Hậu Giang,G2,1,FIRST2,head,D-3,3,180,1,ALL,26,0.5769,0.3042,27.27,0.0769,0.02,5.69,2,44.95
A,MT,MN:Hậu Giang:G2#1:FIRST2,MN,Hậu Giang,G2,1,FIRST2,head,D-3,3,180,,Quảng Nam|Đắk Lắk,26,0.5769,0.3042,27.27,0.0769,0.02,5.69,2,44.95
B,MT,MB:MB_BOARD:DB#1:SECOND_HEAD_TAIL,MB,MB_BOARD,DB,1,SECOND_HEAD_TAIL,head_secondlast_cross,W-3,21,180,4,ALL,26,0.6154,0.305,31.04,0.0385,0.0192,1.92,2,44.94
B,MT,MB:MB_BOARD:DB#1:SECOND_HEAD_TAIL,MB,MB_BOARD,DB,1,SECOND_HEAD_TAIL,head_secondlast_cross,W-3,21,180,,Gia Lai|Ninh Thuận,26,0.6154,0.305,31.04,0.0385,0.0192,1.92,2,44.94
B,MT,MB:MB_BOARD:DB#1:P2P5,MB,MB_BOARD,DB,1,P2P5,position_pair,W-3,21,180,4,ALL,26,0.6154,0.305,31.04,0.0385,0.0192,1.92,2,44.94
B,MT,MB:MB_BOARD:DB#1:P2P5,MB,MB_BOARD,DB,1,P2P5,position_pair,W-3,21,180,,Gia Lai|Ninh Thuận,26,0.6154,0.305,31.04,0.0385,0.0192,1.92,2,44.94
C,MN,MB:MB_BOARD:G2#2:FIRST2_REV,MB,MB_BOARD,G2,2,FIRST2_REV,head,W-2,14,30,,ALL,30,0.6667,0.4297,23.7,0.1333,0.0317,10.17,2,44.89
C,MN,MB:MB_BOARD:G2#2:P2P1,MB,MB_BOARD,G2,2,P2P1,adjacent_pair,W-2,14,30,,ALL,30,0.6667,0.4297,23.7,0.1333,0.0317,10.17,2,44.89
B,MB,MN:Tây Ninh:G1#1:P3P2,MN,Tây Ninh,G1,1,P3P2,adjacent_pair,D-1,1,180,4,ALL,26,0.5385,0.2427,29.58,0.0385,0.01,2.85,2,44.88
B,MB,MN:Tây Ninh:G1#1:P3P2,MN,Tây Ninh,G1,1,P3P2,adjacent_pair,D-1,1,180,,Hải Phòng,26,0.5385,0.2427,29.58,0.0385,0.01,2.85,2,44.88
C,MT,MB:MB_BOARD:DB#1:P2P4,MB,MB_BOARD,DB,1,P2P4,position_pair,D-3,3,180,,Huế|Khánh Hòa|Kon Tum,15,0.6,0.406,19.4,0.2,0.03,17.0,1,44.85
A,MB,MN:Hậu Giang:G1#1:LAST2,MN,Hậu Giang,G1,1,LAST2,tail,D-5,5,180,3,ALL,25,0.48,0.234,24.6,0.08,0.0096,7.04,2,44.79
A,MB,MN:Hậu Giang:G1#1:LAST2,MN,Hậu Giang,G1,1,LAST2,tail,D-5,5,180,,Hà Nội,25,0.48,0.234,24.6,0.08,0.0096,7.04,2,44.79
C,MB,MN:Bạc Liêu:G2#2:P3P2,MN,Bạc Liêu,G2,2,P3P2,adjacent_pair,D-2,2,180,3,ALL,12,0.5833,0.2325,35.08,0.0,0.0092,-0.92,2,44.78
C,MB,MN:Bạc Liêu:G2#2:P3P2,MN,Bạc Liêu,G2,2,P3P2,adjacent_pair,D-2,2,180,,Hà Nội,12,0.5833,0.2325,35.08,0.0,0.0092,-0.92,2,44.78
C,MB,MN:Bình Dương:G2#2:FIRST2,MN,Bình Dương,G2,2,FIRST2,head,D-3,3,180,0,ALL,12,0.5,0.2458,25.42,0.0833,0.01,7.33,2,44.77
C,MB,MN:Bình Dương:G2#2:FIRST2,MN,Bình Dương,G2,2,FIRST2,head,D-3,3,180,,Hà Nội,12,0.5,0.2458,25.42,0.0833,0.01,7.33,2,44.77
C,MB,MN:Trà Vinh:G2#2:LAST2_REV,MN,Trà Vinh,G2,2,LAST2_REV,tail,D-3,3,180,0,ALL,12,0.5,0.2458,25.42,0.0833,0.01,7.33,2,44.77
C,MB,MN:Trà Vinh:G2#2:LAST2_REV,MN,Trà Vinh,G2,2,LAST2_REV,tail,D-3,3,180,,Hà Nội,12,0.5,0.2458,25.42,0.0833,0.01,7.33,2,44.77
C,MB,MN:Trà Vinh:G2#2:P4P3,MN,Trà Vinh,G2,2,P4P3,adjacent_pair,D-3,3,180,0,ALL,12,0.5,0.2458,25.42,0.0833,0.01,7.33,2,44.77
C,MB,MN:Trà Vinh:G2#2:P4P3,MN,Trà Vinh,G2,2,P4P3,adjacent_pair,D-3,3,180,,Hà Nội,12,0.5,0.2458,25.42,0.0833,0.01,7.33,2,44.77
C,MT,MN:Sóc Trăng:G2#2:LAST2_REV,MN,Sóc Trăng,G2,2,LAST2_REV,tail,D-2,2,180,4,ALL,12,0.5833,0.3092,27.42,0.0833,0.0183,6.5,2,44.67
C,MT,MN:Sóc Trăng:G2#2:LAST2_REV,MN,Sóc Trăng,G2,2,LAST2_REV,tail,D-2,2,180,,Gia Lai|Ninh Thuận,12,0.5833,0.3092,27.42,0.0833,0.0183,6.5,2,44.67
C,MT,MN:Sóc Trăng:G2#2:P4P3,MN,Sóc Trăng,G2,2,P4P3,adjacent_pair,D-2,2,180,4,ALL,12,0.5833,0.3092,27.42,0.0833,0.0183,6.5,2,44.67
C,MT,MN:Sóc Trăng:G2#2:P4P3,MN,Sóc Trăng,G2,2,P4P3,adjacent_pair,D-2,2,180,,Gia Lai|Ninh Thuận,12,0.5833,0.3092,27.42,0.0833,0.0183,6.5,2,44.67
B,MN,MB:MB_BOARD:G1#1:HEAD_SECOND_LAST,MB,MB_BOARD,G1,1,HEAD_SECOND_LAST,head_secondlast_cross,D-3,3,180,5,ALL,25,0.8,0.5128,28.72,0.08,0.0392,4.08,2,44.64
B,MN,MB:MB_BOARD:G1#1:HEAD_SECOND_LAST,MB,MB_BOARD,G1,1,HEAD_SECOND_LAST,head_secondlast_cross,D-3,3,180,,Bình Phước|Hậu Giang|Long An|TP. HCM,25,0.8,0.5128,28.72,0.08,0.0392,4.08,2,44.64
B,MN,MB:MB_BOARD:G1#1:P1P4,MB,MB_BOARD,G1,1,P1P4,position_pair,D-3,3,180,5,ALL,25,0.8,0.5128,28.72,0.08,0.0392,4.08,2,44.64
B,MN,MB:MB_BOARD:G1#1:P1P4,MB,MB_BOARD,G1,1,P1P4,position_pair,D-3,3,180,,Bình Phước|Hậu Giang|Long An|TP. HCM,25,0.8,0.5128,28.72,0.08,0.0392,4.08,2,44.64
C,MT,MN:Đà Lạt:G2#2:TAIL_HEAD,MN,Đà Lạt,G2,2,TAIL_HEAD,head_tail_cross,D-1,1,180,0,ALL,12,0.6667,0.3083,35.83,0.0,0.02,-2.0,2,44.6
C,MT,MN:Đà Lạt:G2#2:P4P1,MN,Đà Lạt,G2,2,P4P1,position_pair,D-1,1,180,0,ALL,12,0.6667,0.3083,35.83,0.0,0.02,-2.0,2,44.6
B,MT,MB:MB_BOARD:DB#1:SUM_UNIT_TAIL,MB,MB_BOARD,DB,1,SUM_UNIT_TAIL,digit_sum,D-5,5,180,0,ALL,24,0.5,0.3021,19.79,0.1667,0.02,14.67,1,44.55
C,MB,MT:Đà Nẵng:DB#1:P6P3,MT,Đà Nẵng,DB,1,P6P3,position_pair,D-1,1,180,3,ALL,12,0.5833,0.2342,34.92,0.0,0.01,-1.0,2,44.5
C,MB,MT:Đà Nẵng:DB#1:P6P3,MT,Đà Nẵng,DB,1,P6P3,position_pair,D-1,1,180,,Hà Nội,12,0.5833,0.2342,34.92,0.0,0.01,-1.0,2,44.5
C,MN,MT:Gia Lai:G2#2:LAST2,MT,Gia Lai,G2,2,LAST2,tail,W-4,28,180,4,ALL,19,0.6842,0.4242,26.0,0.1053,0.03,7.53,2,44.43
C,MN,MT:Gia Lai:G2#2:LAST2,MT,Gia Lai,G2,2,LAST2,tail,W-4,28,180,,Bình Dương|Trà Vinh|Vĩnh Long,19,0.6842,0.4242,26.0,0.1053,0.03,7.53,2,44.43
B,MN,MT:Quảng Trị:G2#1:LAST2,MT,Quảng Trị,G2,1,LAST2,tail,D-5,5,180,1,ALL,26,0.6923,0.4115,28.08,0.0769,0.03,4.69,2,44.41
B,MN,MT:Quảng Trị:G2#1:LAST2,MT,Quảng Trị,G2,1,LAST2,tail,D-5,5,180,,Bạc Liêu|Bến Tre|Vũng Tàu,26,0.6923,0.4115,28.08,0.0769,0.03,4.69,2,44.41
C,MN,MT:Quảng Trị:G2#2:FIRST2,MT,Quảng Trị,G2,2,FIRST2,head,W-2,14,180,3,ALL,16,0.5625,0.4206,14.19,0.25,0.03,22.0,1,44.36
C,MN,MT:Quảng Trị:G2#2:FIRST2,MT,Quảng Trị,G2,2,FIRST2,head,W-2,14,180,,An Giang|Bình Thuận|Tây Ninh,16,0.5625,0.4206,14.19,0.25,0.03,22.0,1,44.36
C,MB,MT:Quảng Trị:G2#2:HEAD_TAIL,MT,Quảng Trị,G2,2,HEAD_TAIL,head_tail_cross,W-3,21,180,3,ALL,16,0.5,0.2306,26.94,0.0625,0.0094,5.31,2,44.3
C,MB,MT:Quảng Trị:G2#2:HEAD_TAIL,MT,Quảng Trị,G2,2,HEAD_TAIL,head_tail_cross,W-3,21,180,,Hà Nội,16,0.5,0.2306,26.94,0.0625,0.0094,5.31,2,44.3
C,MT,MN:Trà Vinh:G2#2:TAIL_HEAD,MN,Trà Vinh,G2,2,TAIL_HEAD,head_tail_cross,W-4,28,180,4,ALL,17,0.4706,0.3071,16.35,0.1765,0.0188,15.76,2,44.19
C,MT,MN:Trà Vinh:G2#2:TAIL_HEAD,MN,Trà Vinh,G2,2,TAIL_HEAD,head_tail_cross,W-4,28,180,,Gia Lai|Ninh Thuận,17,0.4706,0.3071,16.35,0.1765,0.0188,15.76,2,44.19
C,MT,MN:Trà Vinh:G2#2:P4P1,MN,Trà Vinh,G2,2,P4P1,position_pair,W-4,28,180,4,ALL,17,0.4706,0.3071,16.35,0.1765,0.0188,15.76,2,44.19
C,MT,MN:Trà Vinh:G2#2:P4P1,MN,Trà Vinh,G2,2,P4P1,position_pair,W-4,28,180,,Gia Lai|Ninh Thuận,17,0.4706,0.3071,16.35,0.1765,0.0188,15.76,2,44.19
C,MN,MT:Huế:G2#1:FIRST2_REV,MT,Huế,G2,1,FIRST2_REV,head,D-1,1,180,1,ALL,14,0.6429,0.4164,22.64,0.1429,0.03,11.29,2,44.16
C,MN,MT:Huế:G2#1:FIRST2_REV,MT,Huế,G2,1,FIRST2_REV,head,D-1,1,180,,Bạc Liêu|Bến Tre|Vũng Tàu,14,0.6429,0.4164,22.64,0.1429,0.03,11.29,2,44.16
C,MN,MT:Đắk Lắk:G2#2:HEAD_TAIL,MT,Đắk Lắk,G2,2,HEAD_TAIL,head_tail_cross,D-1,1,180,2,ALL,14,0.6429,0.4179,22.5,0.1429,0.0293,11.36,2,44.06
C,MN,MT:Đắk Lắk:G2#2:HEAD_TAIL,MT,Đắk Lắk,G2,2,HEAD_TAIL,head_tail_cross,D-1,1,180,,Cần Thơ|Sóc Trăng|Đồng Nai,14,0.6429,0.4179,22.5,0.1429,0.0293,11.36,2,44.06
A,MB,MN:Vĩnh Long:G1#1:LAST2,MN,Vĩnh Long,G1,1,LAST2,tail,D-5,5,180,2,ALL,25,0.48,0.2388,24.12,0.08,0.01,7.0,2,44.04
A,MB,MN:Vĩnh Long:G1#1:LAST2,MN,Vĩnh Long,G1,1,LAST2,tail,D-5,5,180,,Bắc Ninh,25,0.48,0.2388,24.12,0.08,0.01,7.0,2,44.04
C,MN,MT:Bình Định:G2#2:P3P2,MT,Bình Định,G2,2,P3P2,adjacent_pair,W-4,28,180,3,ALL,18,0.6667,0.415,25.17,0.1111,0.03,8.11,2,43.99
C,MN,MT:Bình Định:G2#2:P3P2,MT,Bình Định,G2,2,P3P2,adjacent_pair,W-4,28,180,,An Giang|Bình Thuận|Tây Ninh,18,0.6667,0.415,25.17,0.1111,0.03,8.11,2,43.99
C,MB,MN:Cần Thơ:G2#2:HEAD_TAIL,MN,Cần Thơ,G2,2,HEAD_TAIL,head_tail_cross,W-3,21,180,2,ALL,14,0.5,0.2407,25.93,0.0714,0.01,6.14,2,43.91
C,MB,MN:Cần Thơ:G2#2:HEAD_TAIL,MN,Cần Thơ,G2,2,HEAD_TAIL,head_tail_cross,W-3,21,180,,Bắc Ninh,14,0.5,0.2407,25.93,0.0714,0.01,6.14,2,43.91
A,MB,MB:MB_BOARD:DB#1:SUM_UNIT_HEAD,MB,MB_BOARD,DB,1,SUM_UNIT_HEAD,digit_sum,D-7,7,180,6,ALL,25,0.48,0.24,24.0,0.08,0.01,7.0,2,43.9
A,MB,MB:MB_BOARD:DB#1:SUM_UNIT_HEAD,MB,MB_BOARD,DB,1,SUM_UNIT_HEAD,digit_sum,D-7,7,180,,Thái Bình,25,0.48,0.24,24.0,0.08,0.01,7.0,2,43.9
A,MB,MB:MB_BOARD:DB#1:SUM_UNIT_HEAD,MB,MB_BOARD,DB,1,SUM_UNIT_HEAD,digit_sum,D-7,7,180,6,ALL,25,0.48,0.24,24.0,0.08,0.01,7.0,2,43.9
A,MB,MB:MB_BOARD:DB#1:SUM_UNIT_HEAD,MB,MB_BOARD,DB,1,SUM_UNIT_HEAD,digit_sum,D-7,7,180,,Thái Bình,25,0.48,0.24,24.0,0.08,0.01,7.0,2,43.9
C,MB,MT:Đà Nẵng:DB#1:P6P3,MT,Đà Nẵng,DB,1,P6P3,position_pair,D-7,7,180,2,ALL,12,0.5833,0.2392,34.42,0.0,0.01,-1.0,2,43.9
C,MB,MT:Đà Nẵng:DB#1:P6P3,MT,Đà Nẵng,DB,1,P6P3,position_pair,D-7,7,180,,Bắc Ninh,12,0.5833,0.2392,34.42,0.0,0.01,-1.0,2,43.9
C,MB,MT:Đà Nẵng:DB#1:P6P3,MT,Đà Nẵng,DB,1,P6P3,position_pair,D-7,7,180,2,ALL,12,0.5833,0.2392,34.42,0.0,0.01,-1.0,2,43.9
C,MB,MT:Đà Nẵng:DB#1:P6P3,MT,Đà Nẵng,DB,1,P6P3,position_pair,D-7,7,180,,Bắc Ninh,12,0.5833,0.2392,34.42,0.0,0.01,-1.0,2,43.9
C,MB,MN:Cà Mau:G2#2:FIRST2,MN,Cà Mau,G2,2,FIRST2,head,D-2,2,180,2,ALL,12,0.5833,0.2392,34.42,0.0,0.01,-1.0,2,43.9
C,MB,MN:Cà Mau:G2#2:FIRST2,MN,Cà Mau,G2,2,FIRST2,head,D-2,2,180,,Bắc Ninh,12,0.5833,0.2392,34.42,0.0,0.01,-1.0,2,43.9
C,MB,MN:Sóc Trăng:G2#2:LAST2,MN,Sóc Trăng,G2,2,LAST2,tail,D-6,6,180,1,ALL,12,0.5833,0.2392,34.42,0.0,0.01,-1.0,2,43.9
C,MB,MN:Sóc Trăng:G2#2:LAST2,MN,Sóc Trăng,G2,2,LAST2,tail,D-6,6,180,,Quảng Ninh,12,0.5833,0.2392,34.42,0.0,0.01,-1.0,2,43.9
B,MT,MB:MB_BOARD:G2#2:P5P2,MB,MB_BOARD,G2,2,P5P2,position_pair,D-7,7,180,2,ALL,25,0.6,0.2992,30.08,0.04,0.02,2.0,2,43.8
B,MT,MB:MB_BOARD:G2#2:P5P2,MB,MB_BOARD,G2,2,P5P2,position_pair,D-7,7,180,,Khánh Hòa|Đà Nẵng,25,0.6,0.2992,30.08,0.04,0.02,2.0,2,43.8
B,MT,MB:MB_BOARD:G2#2:P5P2,MB,MB_BOARD,G2,2,P5P2,position_pair,D-7,7,180,2,ALL,25,0.6,0.2992,30.08,0.04,0.02,2.0,2,43.8
B,MT,MB:MB_BOARD:G2#2:P5P2,MB,MB_BOARD,G2,2,P5P2,position_pair,D-7,7,180,,Khánh Hòa|Đà Nẵng,25,0.6,0.2992,30.08,0.04,0.02,2.0,2,43.8
C,MN,MT:Đắk Lắk:G2#2:LAST2,MT,Đắk Lắk,G2,2,LAST2,tail,D-2,2,180,3,ALL,14,0.7143,0.4236,29.07,0.0714,0.03,4.14,2,43.78
C,MN,MT:Đắk Lắk:G2#2:LAST2,MT,Đắk Lắk,G2,2,LAST2,tail,D-2,2,180,,An Giang|Bình Thuận|Tây Ninh,14,0.7143,0.4236,29.07,0.0714,0.03,4.14,2,43.78
C,MN,MT:Quảng Ngãi:G2#2:LAST2_REV,MT,Quảng Ngãi,G2,2,LAST2_REV,tail,D-5,5,180,3,ALL,14,0.5714,0.4164,15.5,0.2143,0.03,18.43,2,43.69
C,MN,MT:Quảng Ngãi:G2#2:LAST2_REV,MT,Quảng Ngãi,G2,2,LAST2_REV,tail,D-5,5,180,,An Giang|Bình Thuận|Tây Ninh,14,0.5714,0.4164,15.5,0.2143,0.03,18.43,2,43.69
C,MN,MT:Quảng Ngãi:G2#2:P4P3,MT,Quảng Ngãi,G2,2,P4P3,adjacent_pair,D-5,5,180,3,ALL,14,0.5714,0.4164,15.5,0.2143,0.03,18.43,2,43.69
C,MN,MT:Quảng Ngãi:G2#2:P4P3,MT,Quảng Ngãi,G2,2,P4P3,adjacent_pair,D-5,5,180,,An Giang|Bình Thuận|Tây Ninh,14,0.5714,0.4164,15.5,0.2143,0.03,18.43,2,43.69
C,MN,MT:Bình Định:G2#2:HEAD_TAIL,MT,Bình Định,G2,2,HEAD_TAIL,head_tail_cross,D-4,4,180,0,ALL,14,0.6429,0.4207,22.21,0.1429,0.03,11.29,2,43.65
C,MN,MT:Bình Định:G2#2:HEAD_TAIL,MT,Bình Định,G2,2,HEAD_TAIL,head_tail_cross,D-4,4,180,,Cà Mau|TP. HCM|Đồng Tháp,14,0.6429,0.4207,22.21,0.1429,0.03,11.29,2,43.65
B,MT,MB:MB_BOARD:G2#2:LAST2_REV,MB,MB_BOARD,G2,2,LAST2_REV,tail,W-4,28,180,5,ALL,26,0.7308,0.42,31.08,0.0385,0.03,0.85,2,43.65
B,MT,MB:MB_BOARD:G2#2:LAST2_REV,MB,MB_BOARD,G2,2,LAST2_REV,tail,W-4,28,180,,Quảng Ngãi|Đà Nẵng|Đắk Nông,26,0.7308,0.42,31.08,0.0385,0.03,0.85,2,43.65
B,MT,MB:MB_BOARD:G2#2:P5P4,MB,MB_BOARD,G2,2,P5P4,adjacent_pair,W-4,28,180,5,ALL,26,0.7308,0.42,31.08,0.0385,0.03,0.85,2,43.65
B,MT,MB:MB_BOARD:G2#2:P5P4,MB,MB_BOARD,G2,2,P5P4,adjacent_pair,W-4,28,180,,Quảng Ngãi|Đà Nẵng|Đắk Nông,26,0.7308,0.42,31.08,0.0385,0.03,0.85,2,43.65
B,MT,MN:TP. HCM:G2#1:FIRST2,MN,TP. HCM,G2,1,FIRST2,head,W-4,28,180,5,ALL,26,0.7308,0.42,31.08,0.0385,0.03,0.85,2,43.65
B,MT,MN:TP. HCM:G2#1:FIRST2,MN,TP. HCM,G2,1,FIRST2,head,W-4,28,180,,Quảng Ngãi|Đà Nẵng|Đắk Nông,26,0.7308,0.42,31.08,0.0385,0.03,0.85,2,43.65
C,MB,MT:Huế:G2#2:P3P2,MT,Huế,G2,2,P3P2,adjacent_pair,W-2,14,180,0,ALL,14,0.5,0.2436,25.64,0.0714,0.01,6.14,2,43.57
C,MB,MT:Huế:G2#2:P3P2,MT,Huế,G2,2,P3P2,adjacent_pair,W-2,14,180,,Hà Nội,14,0.5,0.2436,25.64,0.0714,0.01,6.14,2,43.57
B,MN,MB:MB_BOARD:G1#1:P4P2,MB,MB_BOARD,G1,1,P4P2,position_pair,D-6,6,180,3,ALL,26,0.6923,0.4188,27.35,0.0769,0.03,4.69,2,43.53
B,MN,MB:MB_BOARD:G1#1:P4P2,MB,MB_BOARD,G1,1,P4P2,position_pair,D-6,6,180,,An Giang|Bình Thuận|Tây Ninh,26,0.6923,0.4188,27.35,0.0769,0.03,4.69,2,43.53
B,MN,MT:Bình Định:G2#1:FIRST2_REV,MT,Bình Định,G2,1,FIRST2_REV,head,W-4,28,180,3,ALL,26,0.6923,0.4188,27.35,0.0769,0.03,4.69,2,43.53
B,MN,MT:Bình Định:G2#1:FIRST2_REV,MT,Bình Định,G2,1,FIRST2_REV,head,W-4,28,180,,An Giang|Bình Thuận|Tây Ninh,26,0.6923,0.4188,27.35,0.0769,0.03,4.69,2,43.53
C,MN,MT:Đắk Nông:G2#2:P3P2,MT,Đắk Nông,G2,2,P3P2,adjacent_pair,D-2,2,180,0,ALL,14,0.7143,0.4264,28.79,0.0714,0.03,4.14,2,43.44
C,MN,MT:Đắk Nông:G2#2:P3P2,MT,Đắk Nông,G2,2,P3P2,adjacent_pair,D-2,2,180,,Cà Mau|TP. HCM|Đồng Tháp,14,0.7143,0.4264,28.79,0.0714,0.03,4.14,2,43.44
A,MT,MB:MB_BOARD:G2#1:P5P3,MB,MB_BOARD,G2,1,P5P3,position_pair,D-4,4,180,3,ALL,26,0.6154,0.4154,20.0,0.1538,0.03,12.38,2,43.44
A,MT,MB:MB_BOARD:G2#1:P5P3,MB,MB_BOARD,G2,1,P5P3,position_pair,D-4,4,180,,Bình Định|Quảng Bình|Quảng Trị,26,0.6154,0.4154,20.0,0.1538,0.03,12.38,2,43.44
A,MN,MT:Gia Lai:G1#1:FIRST2_REV,MT,Gia Lai,G1,1,FIRST2_REV,head,D-5,5,180,2,ALL,26,0.6154,0.4204,19.5,0.1538,0.0296,12.42,2,43.39
A,MN,MT:Gia Lai:G1#1:FIRST2_REV,MT,Gia Lai,G1,1,FIRST2_REV,head,D-5,5,180,,Cần Thơ|Sóc Trăng|Đồng Nai,26,0.6154,0.4204,19.5,0.1538,0.0296,12.42,2,43.39
B,MN,MT:Ninh Thuận:G2#1:FIRST2_REV,MT,Ninh Thuận,G2,1,FIRST2_REV,head,D-5,5,180,2,ALL,26,0.6923,0.4204,27.19,0.0769,0.0296,4.73,2,43.39
B,MN,MT:Ninh Thuận:G2#1:FIRST2_REV,MT,Ninh Thuận,G2,1,FIRST2_REV,head,D-5,5,180,,Cần Thơ|Sóc Trăng|Đồng Nai,26,0.6923,0.4204,27.19,0.0769,0.0296,4.73,2,43.39
B,MN,MT:Quảng Ngãi:G2#1:HEAD_TAIL,MT,Quảng Ngãi,G2,1,HEAD_TAIL,head_tail_cross,D-4,4,180,2,ALL,26,0.6923,0.4204,27.19,0.0769,0.0296,4.73,2,43.39
B,MN,MT:Quảng Ngãi:G2#1:HEAD_TAIL,MT,Quảng Ngãi,G2,1,HEAD_TAIL,head_tail_cross,D-4,4,180,,Cần Thơ|Sóc Trăng|Đồng Nai,26,0.6923,0.4204,27.19,0.0769,0.0296,4.73,2,43.39
B,MT,MN:Hậu Giang:DB#1:TAIL_HEAD,MN,Hậu Giang,DB,1,TAIL_HEAD,head_tail_cross,W-2,14,180,5,ALL,26,0.6923,0.42,27.23,0.0769,0.03,4.69,2,43.39
B,MT,MN:Hậu Giang:DB#1:TAIL_HEAD,MN,Hậu Giang,DB,1,TAIL_HEAD,head_tail_cross,W-2,14,180,,Quảng Ngãi|Đà Nẵng|Đắk Nông,26,0.6923,0.42,27.23,0.0769,0.03,4.69,2,43.39
B,MT,MN:Bến Tre:G2#1:HEAD_TAIL,MN,Bến Tre,G2,1,HEAD_TAIL,head_tail_cross,D-4,4,180,5,ALL,26,0.6923,0.42,27.23,0.0769,0.03,4.69,2,43.39
B,MT,MN:Bến Tre:G2#1:HEAD_TAIL,MN,Bến Tre,G2,1,HEAD_TAIL,head_tail_cross,D-4,4,180,,Quảng Ngãi|Đà Nẵng|Đắk Nông,26,0.6923,0.42,27.23,0.0769,0.03,4.69,2,43.39
A,MT,MB:MB_BOARD:DB#1:HEAD_SECOND_LAST,MB,MB_BOARD,DB,1,HEAD_SECOND_LAST,head_secondlast_cross,D-2,2,180,0,ALL,25,0.52,0.3032,21.68,0.12,0.02,10.0,2,43.32
A,MT,MB:MB_BOARD:DB#1:P1P4,MB,MB_BOARD,DB,1,P1P4,position_pair,D-2,2,180,0,ALL,25,0.52,0.3032,21.68,0.12,0.02,10.0,2,43.32
A,MT,MB:MB_BOARD:G1#1:P4P3,MB,MB_BOARD,G1,1,P4P3,adjacent_pair,D-3,3,180,0,ALL,25,0.56,0.3032,25.68,0.08,0.02,6.0,2,43.32
B,MT,MN:Bình Phước:G1#1:LAST2_REV,MN,Bình Phước,G1,1,LAST2_REV,tail,D-2,2,180,0,ALL,25,0.64,0.3032,33.68,0.0,0.02,-2.0,2,43.32
A,MT,MN:Cà Mau:G2#1:HEAD_TAIL,MN,Cà Mau,G2,1,HEAD_TAIL,head_tail_cross,W-4,28,180,0,ALL,25,0.52,0.3032,21.68,0.12,0.02,10.0,2,43.32
A,MT,MN:Đồng Nai:G2#1:LAST2,MN,Đồng Nai,G2,1,LAST2,tail,D-4,4,180,6,ALL,25,0.64,0.4084,23.16,0.12,0.03,9.0,2,43.29
A,MN,MT:Bình Định:G1#1:TAIL_HEAD,MT,Bình Định,G1,1,TAIL_HEAD,head_tail_cross,W-4,28,180,3,ALL,26,0.6538,0.4188,23.5,0.1154,0.03,8.54,2,43.28
A,MN,MT:Bình Định:G1#1:TAIL_HEAD,MT,Bình Định,G1,1,TAIL_HEAD,head_tail_cross,W-4,28,180,,An Giang|Bình Thuận|Tây Ninh,26,0.6538,0.4188,23.5,0.1154,0.03,8.54,2,43.28
C,MT,MN:Bình Thuận:G2#2:FIRST2_REV,MN,Bình Thuận,G2,2,FIRST2_REV,head,D-7,7,180,3,ALL,13,0.6154,0.4062,20.92,0.1538,0.03,12.38,2,43.24
C,MT,MN:Bình Thuận:G2#2:FIRST2_REV,MN,Bình Thuận,G2,2,FIRST2_REV,head,D-7,7,180,,Bình Định|Quảng Bình|Quảng Trị,13,0.6154,0.4062,20.92,0.1538,0.03,12.38,2,43.24
C,MT,MN:Bình Thuận:G2#2:FIRST2_REV,MN,Bình Thuận,G2,2,FIRST2_REV,head,D-7,7,180,3,ALL,13,0.6154,0.4062,20.92,0.1538,0.03,12.38,2,43.24
C,MT,MN:Bình Thuận:G2#2:FIRST2_REV,MN,Bình Thuận,G2,2,FIRST2_REV,head,D-7,7,180,,Bình Định|Quảng Bình|Quảng Trị,13,0.6154,0.4062,20.92,0.1538,0.03,12.38,2,43.24
C,MT,MN:Trà Vinh:G2#2:LAST2,MN,Trà Vinh,G2,2,LAST2,tail,D-5,5,180,2,ALL,14,0.5714,0.2979,27.36,0.0714,0.02,5.14,2,43.2
C,MT,MN:Trà Vinh:G2#2:LAST2,MN,Trà Vinh,G2,2,LAST2,tail,D-5,5,180,,Khánh Hòa|Đà Nẵng,14,0.5714,0.2979,27.36,0.0714,0.02,5.14,2,43.2
A,MT,MN:Cần Thơ:G2#1:HEAD_TAIL,MN,Cần Thơ,G2,1,HEAD_TAIL,head_tail_cross,D-3,3,180,5,ALL,26,0.6538,0.42,23.38,0.1154,0.03,8.54,2,43.14
A,MT,MN:Cần Thơ:G2#1:HEAD_TAIL,MN,Cần Thơ,G2,1,HEAD_TAIL,head_tail_cross,D-3,3,180,,Quảng Ngãi|Đà Nẵng|Đắk Nông,26,0.6538,0.42,23.38,0.1154,0.03,8.54,2,43.14
A,MN,MT:Bình Định:DB#1:FIRST2_REV,MT,Bình Định,DB,1,FIRST2_REV,head,D-6,6,180,2,ALL,26,0.6538,0.4204,23.35,0.1154,0.0296,8.58,2,43.13
A,MN,MT:Bình Định:DB#1:FIRST2_REV,MT,Bình Định,DB,1,FIRST2_REV,head,D-6,6,180,,Cần Thơ|Sóc Trăng|Đồng Nai,26,0.6538,0.4204,23.35,0.1154,0.0296,8.58,2,43.13
B,MB,MN:Cần Thơ:G1#1:FIRST2_REV,MN,Cần Thơ,G1,1,FIRST2_REV,head,D-4,4,180,6,ALL,25,0.52,0.24,28.0,0.04,0.01,3.0,2,43.1
B,MB,MN:Cần Thơ:G1#1:FIRST2_REV,MN,Cần Thơ,G1,1,FIRST2_REV,head,D-4,4,180,,Thái Bình,25,0.52,0.24,28.0,0.04,0.01,3.0,2,43.1
C,MB,MN:Đồng Nai:G2#2:HEAD_TAIL,MN,Đồng Nai,G2,2,HEAD_TAIL,head_tail_cross,D-2,2,180,4,ALL,12,0.5833,0.2458,33.75,0.0,0.01,-1.0,2,43.1
C,MB,MN:Đồng Nai:G2#2:HEAD_TAIL,MN,Đồng Nai,G2,2,HEAD_TAIL,head_tail_cross,D-2,2,180,,Hải Phòng,12,0.5833,0.2458,33.75,0.0,0.01,-1.0,2,43.1
A,MN,MB:MB_BOARD:DB#1:SECOND_HEAD_TAIL,MB,MB_BOARD,DB,1,SECOND_HEAD_TAIL,head_secondlast_cross,D-7,7,180,1,ALL,25,0.68,0.4124,26.76,0.08,0.03,5.0,2,43.08
A,MN,MB:MB_BOARD:DB#1:SECOND_HEAD_TAIL,MB,MB_BOARD,DB,1,SECOND_HEAD_TAIL,head_secondlast_cross,D-7,7,180,,Bạc Liêu|Bến Tre|Vũng Tàu,25,0.68,0.4124,26.76,0.08,0.03,5.0,2,43.08
A,MN,MB:MB_BOARD:DB#1:SECOND_HEAD_TAIL,MB,MB_BOARD,DB,1,SECOND_HEAD_TAIL,head_secondlast_cross,D-7,7,180,1,ALL,25,0.68,0.4124,26.76,0.08,0.03,5.0,2,43.08
A,MN,MB:MB_BOARD:DB#1:SECOND_HEAD_TAIL,MB,MB_BOARD,DB,1,SECOND_HEAD_TAIL,head_secondlast_cross,D-7,7,180,,Bạc Liêu|Bến Tre|Vũng Tàu,25,0.68,0.4124,26.76,0.08,0.03,5.0,2,43.08
A,MN,MB:MB_BOARD:DB#1:P2P5,MB,MB_BOARD,DB,1,P2P5,position_pair,D-7,7,180,1,ALL,25,0.68,0.4124,26.76,0.08,0.03,5.0,2,43.08
A,MN,MB:MB_BOARD:DB#1:P2P5,MB,MB_BOARD,DB,1,P2P5,position_pair,D-7,7,180,,Bạc Liêu|Bến Tre|Vũng Tàu,25,0.68,0.4124,26.76,0.08,0.03,5.0,2,43.08
A,MN,MB:MB_BOARD:DB#1:P2P5,MB,MB_BOARD,DB,1,P2P5,position_pair,D-7,7,180,1,ALL,25,0.68,0.4124,26.76,0.08,0.03,5.0,2,43.08
A,MN,MB:MB_BOARD:DB#1:P2P5,MB,MB_BOARD,DB,1,P2P5,position_pair,D-7,7,180,,Bạc Liêu|Bến Tre|Vũng Tàu,25,0.68,0.4124,26.76,0.08,0.03,5.0,2,43.08
B,MB,MB:MB_BOARD:DB#1:P4P3,MB,MB_BOARD,DB,1,P4P3,adjacent_pair,D-6,6,180,0,ALL,23,0.5652,0.2378,32.74,0.0,0.01,-1.0,2,42.99
C,MN,MT:Đà Nẵng:G2#2:FIRST2,MT,Đà Nẵng,G2,2,FIRST2,head,D-2,2,180,0,ALL,14,0.6429,0.4264,21.64,0.1429,0.03,11.29,2,42.96
C,MN,MT:Đà Nẵng:G2#2:FIRST2,MT,Đà Nẵng,G2,2,FIRST2,head,D-2,2,180,,Cà Mau|TP. HCM|Đồng Tháp,14,0.6429,0.4264,21.64,0.1429,0.03,11.29,2,42.96
C,MB,MN:Đồng Tháp:G2#2:LAST2,MN,Đồng Tháp,G2,2,LAST2,tail,W-2,14,180,0,ALL,12,0.5833,0.2475,33.58,0.0,0.01,-1.0,2,42.9
C,MB,MN:Đồng Tháp:G2#2:LAST2,MN,Đồng Tháp,G2,2,LAST2,tail,W-2,14,180,,Hà Nội,12,0.5833,0.2475,33.58,0.0,0.01,-1.0,2,42.9
C,MB,MT:Quảng Trị:G2#2:TAIL_HEAD,MT,Quảng Trị,G2,2,TAIL_HEAD,head_tail_cross,W-3,21,180,3,ALL,16,0.5625,0.2306,33.19,0.0,0.0094,-0.94,2,42.89
C,MB,MT:Quảng Trị:G2#2:TAIL_HEAD,MT,Quảng Trị,G2,2,TAIL_HEAD,head_tail_cross,W-3,21,180,,Hà Nội,16,0.5625,0.2306,33.19,0.0,0.0094,-0.94,2,42.89
C,MB,MT:Quảng Trị:G2#2:P4P1,MT,Quảng Trị,G2,2,P4P1,position_pair,W-3,21,180,3,ALL,16,0.5625,0.2306,33.19,0.0,0.0094,-0.94,2,42.89
C,MB,MT:Quảng Trị:G2#2:P4P1,MT,Quảng Trị,G2,2,P4P1,position_pair,W-3,21,180,,Hà Nội,16,0.5625,0.2306,33.19,0.0,0.0094,-0.94,2,42.89
A,MB,MB:MB_BOARD:G2#2:P3P4,MB,MB_BOARD,G2,2,P3P4,adjacent_pair,D-2,2,180,2,ALL,25,0.44,0.2388,20.12,0.12,0.01,11.0,1,42.84
A,MB,MB:MB_BOARD:G2#2:P3P4,MB,MB_BOARD,G2,2,P3P4,adjacent_pair,D-2,2,180,,Bắc Ninh,25,0.44,0.2388,20.12,0.12,0.01,11.0,1,42.84
B,MN,MT:Đắk Lắk:G1#1:HEAD_TAIL,MT,Đắk Lắk,G1,1,HEAD_TAIL,head_tail_cross,D-3,3,180,4,ALL,26,0.6923,0.4246,26.77,0.0769,0.03,4.69,2,42.84
B,MN,MT:Đắk Lắk:G1#1:HEAD_TAIL,MT,Đắk Lắk,G1,1,HEAD_TAIL,head_tail_cross,D-3,3,180,,Bình Dương|Trà Vinh|Vĩnh Long,26,0.6923,0.4246,26.77,0.0769,0.03,4.69,2,42.84
A,MN,MB:MB_BOARD:DB#1:P4P3,MB,MB_BOARD,DB,1,P4P3,adjacent_pair,D-6,6,180,1,ALL,25,0.64,0.4124,22.76,0.12,0.03,9.0,2,42.81
A,MN,MB:MB_BOARD:DB#1:P4P3,MB,MB_BOARD,DB,1,P4P3,adjacent_pair,D-6,6,180,,Bạc Liêu|Bến Tre|Vũng Tàu,25,0.64,0.4124,22.76,0.12,0.03,9.0,2,42.81
A,MB,MN:Bạc Liêu:G1#1:TAIL_HEAD,MN,Bạc Liêu,G1,1,TAIL_HEAD,head_tail_cross,D-2,2,180,3,ALL,25,0.48,0.234,24.6,0.08,0.0096,7.04,1,42.79
A,MB,MN:Bạc Liêu:G1#1:TAIL_HEAD,MN,Bạc Liêu,G1,1,TAIL_HEAD,head_tail_cross,D-2,2,180,,Hà Nội,25,0.48,0.234,24.6,0.08,0.0096,7.04,1,42.79
C,MT,MN:TP. HCM:G2#1:P5P2,MN,TP. HCM,G2,1,P5P2,position_pair,D-4,4,180,4,ALL,14,0.6429,0.3014,34.14,0.0,0.02,-2.0,2,42.77
C,MT,MN:TP. HCM:G2#1:P5P2,MN,TP. HCM,G2,1,P5P2,position_pair,D-4,4,180,,Gia Lai|Ninh Thuận,14,0.6429,0.3014,34.14,0.0,0.02,-2.0,2,42.77
C,MT,MN:Bình Thuận:G2#2:LAST2,MN,Bình Thuận,G2,2,LAST2,tail,D-1,1,180,4,ALL,12,0.5833,0.3092,27.42,0.0833,0.0183,6.5,1,42.67
C,MT,MN:Bình Thuận:G2#2:LAST2,MN,Bình Thuận,G2,2,LAST2,tail,D-1,1,180,,Gia Lai|Ninh Thuận,12,0.5833,0.3092,27.42,0.0833,0.0183,6.5,1,42.67
C,MB,MN:Đà Lạt:G2#2:FIRST2,MN,Đà Lạt,G2,2,FIRST2,head,W-2,14,180,6,ALL,14,0.5714,0.2393,33.21,0.0,0.01,-1.0,2,42.66
C,MB,MN:Đà Lạt:G2#2:FIRST2,MN,Đà Lạt,G2,2,FIRST2,head,W-2,14,180,,Thái Bình,14,0.5714,0.2393,33.21,0.0,0.01,-1.0,2,42.66
A,MN,MB:MB_BOARD:G2#1:FIRST2_REV,MB,MB_BOARD,G2,1,FIRST2_REV,head,W-2,14,180,4,ALL,26,0.6538,0.4246,22.92,0.1154,0.03,8.54,2,42.58
A,MN,MB:MB_BOARD:G2#1:FIRST2_REV,MB,MB_BOARD,G2,1,FIRST2_REV,head,W-2,14,180,,Bình Dương|Trà Vinh|Vĩnh Long,26,0.6538,0.4246,22.92,0.1154,0.03,8.54,2,42.58
A,MN,MB:MB_BOARD:G2#1:P2P1,MB,MB_BOARD,G2,1,P2P1,adjacent_pair,W-2,14,180,4,ALL,26,0.6538,0.4246,22.92,0.1154,0.03,8.54,2,42.58
A,MN,MB:MB_BOARD:G2#1:P2P1,MB,MB_BOARD,G2,1,P2P1,adjacent_pair,W-2,14,180,,Bình Dương|Trà Vinh|Vĩnh Long,26,0.6538,0.4246,22.92,0.1154,0.03,8.54,2,42.58
C,MN,MT:Huế:G2#2:FIRST2_REV,MT,Huế,G2,2,FIRST2_REV,head,D-4,4,180,4,ALL,14,0.7143,0.4336,28.07,0.0714,0.03,4.14,2,42.58
C,MN,MT:Huế:G2#2:FIRST2_REV,MT,Huế,G2,2,FIRST2_REV,head,D-4,4,180,,Bình Dương|Trà Vinh|Vĩnh Long,14,0.7143,0.4336,28.07,0.0714,0.03,4.14,2,42.58
B,MN,MB:MB_BOARD:DB#1:P4P2,MB,MB_BOARD,DB,1,P4P2,position_pair,W-2,14,180,6,ALL,25,0.72,0.42,30.0,0.04,0.0292,1.08,2,42.51
B,MN,MB:MB_BOARD:DB#1:P4P2,MB,MB_BOARD,DB,1,P4P2,position_pair,W-2,14,180,,Kiên Giang|Tiền Giang|Đà Lạt,25,0.72,0.42,30.0,0.04,0.0292,1.08,2,42.51
C,MB,MT:Đà Nẵng:G2#2:TAIL_HEAD,MT,Đà Nẵng,G2,2,TAIL_HEAD,head_tail_cross,D-3,3,180,1,ALL,14,0.5714,0.2407,33.07,0.0,0.01,-1.0,2,42.49
C,MB,MT:Đà Nẵng:G2#2:TAIL_HEAD,MT,Đà Nẵng,G2,2,TAIL_HEAD,head_tail_cross,D-3,3,180,,Quảng Ninh,14,0.5714,0.2407,33.07,0.0,0.01,-1.0,2,42.49
C,MB,MT:Đà Nẵng:G2#2:P4P1,MT,Đà Nẵng,G2,2,P4P1,position_pair,D-3,3,180,1,ALL,14,0.5714,0.2407,33.07,0.0,0.01,-1.0,2,42.49
