tier,selector,transform,family,axis,window,weekday,station_set,days,score,hit_rate,hit_lift_pp,db_day_rate,db_day_lift_pp,stable_halves
WATCH,DB#1,P2P4,pos_pair,D-1,180,6,ALL,25,62.475333333333325,0.76,35.16,0.16,13.0,2
WATCH,G2#1,P1P3,pos_pair,D-1,180,6,ALL,25,53.00866666666666,0.64,23.159999999999997,0.2,17.0,2
WATCH,G1#1,P4P1,pos_pair,D-3,180,4,ALL,25,52.76199999999999,0.6,29.519999999999996,0.12,10.08,2
WATCH,G1#1,P4P1,pos_pair,D-3,180,,Gia Lai|Ninh Thuận,25,52.76199999999999,0.6,29.519999999999996,0.12,10.08,2
WATCH,G1#1,SUM_UNIT_PAIR,sum,D-2,180,3,ALL,25,51.867333333333335,0.68,26.320000000000004,0.16,13.0,2
WATCH,G1#1,SUM_UNIT_PAIR,sum,D-2,180,,Bình Định|Quảng Bình|Quảng Trị,25,51.867333333333335,0.68,26.320000000000004,0.16,13.0,2
WATCH,G2#2,FIRST2_REV,head,D-3,180,6,ALL,24,46.71666666666667,0.6666666666666666,25.666666666666664,0.125,9.5,2
WATCH,G2#2,P2P1,adjacent_pair,D-3,180,6,ALL,24,46.71666666666667,0.6666666666666666,25.666666666666664,0.125,9.5,2
WATCH,DB#1,P2P5,pos_pair,D-3,180,1,ALL,26,43.653846153846146,0.6538461538461539,34.96153846153846,0.0,-2.0,2
WATCH,DB#1,P2P5,pos_pair,D-3,180,,Quảng Nam|Đắk Lắk,26,43.653846153846146,0.6538461538461539,34.96153846153846,0.0,-2.0,2
WATCH,DB#1,P1P4,pos_pair,D-2,180,0,ALL,25,43.266,0.52,21.68,0.12,10.0,2
WATCH,G1#1,P4P3,adjacent_pair,D-3,180,0,ALL,25,42.86600000000001,0.56,25.680000000000003,0.08,6.0,2
WATCH,G2#1,P4P3,adjacent_pair,D-1,180,3,ALL,25,42.40066666666667,0.56,14.320000000000006,0.2,17.0,2
WATCH,G2#1,P4P3,adjacent_pair,D-1,180,,Bình Định|Quảng Bình|Quảng Trị,25,42.40066666666667,0.56,14.320000000000006,0.2,17.0,2
WATCH,G1#1,SUM_UNIT_PAIR,sum,D-3,180,6,ALL,24,41.577777777777776,0.6666666666666666,25.666666666666664,0.08333333333333333,5.333333333333333,2
WATCH,G2#1,P2P3,adjacent_pair,D-3,180,2,ALL,26,40.31538461538461,0.5384615384615384,23.846153846153843,0.07692307692307693,5.6923076923076925,2
WATCH,G2#1,P2P3,adjacent_pair,D-3,180,,Khánh Hòa|Đà Nẵng,26,40.31538461538461,0.5384615384615384,23.846153846153843,0.07692307692307693,5.6923076923076925,2
C,G2#1,P4P3,adjacent_pair,D-3,30,,ALL,30,39.91794520547945,0.6333333333333333,28.566666666666663,0.03333333333333333,0.9000000000000001,2
WATCH,G2#2,P5P2,pos_pair,D-3,180,1,ALL,26,39.42307692307691,0.5769230769230769,27.269230769230763,0.038461538461538464,1.8461538461538463,2
WATCH,G2#2,P5P2,pos_pair,D-3,180,,Quảng Nam|Đắk Lắk,26,39.42307692307691,0.5769230769230769,27.269230769230763,0.038461538461538464,1.8461538461538463,2
WATCH,G2#1,HEAD_TAIL,head_tail,D-2,180,2,ALL,25,38.402,0.52,21.96,0.08,6.0,2
WATCH,G2#1,P1P5,pos_pair,D-2,180,2,ALL,25,38.402,0.52,21.96,0.08,6.0,2
WATCH,G2#1,HEAD_TAIL,head_tail,D-2,180,,Khánh Hòa|Đà Nẵng,25,38.402,0.52,21.96,0.08,6.0,2
WATCH,G2#1,P1P5,pos_pair,D-2,180,,Khánh Hòa|Đà Nẵng,25,38.402,0.52,21.96,0.08,6.0,2
WATCH,DB#1,P4P3,adjacent_pair,D-3,180,4,ALL,25,38.361999999999995,0.48,17.519999999999996,0.12,10.08,2
WATCH,DB#1,P4P3,adjacent_pair,D-3,180,,Gia Lai|Ninh Thuận,25,38.361999999999995,0.48,17.519999999999996,0.12,10.08,2
WATCH,DB#1,P1P4,pos_pair,D-1,180,0,ALL,25,38.066,0.52,21.68,0.08,6.0,2
WATCH,G1#1,P2P5,pos_pair,D-2,180,0,ALL,25,38.066,0.52,21.68,0.08,6.0,2
WATCH,G2#1,LAST2,tail,D-2,180,5,ALL,25,36.864666666666665,0.64,22.04,0.08,5.0,2
WATCH,G2#1,P4P5,adjacent_pair,D-2,180,5,ALL,25,36.864666666666665,0.64,22.04,0.08,5.0,2
WATCH,G2#1,LAST2,tail,D-2,180,,Quảng Ngãi|Đà Nẵng|Đắk Nông,25,36.864666666666665,0.64,22.04,0.08,5.0,2
WATCH,G2#1,P4P5,adjacent_pair,D-2,180,,Quảng Ngãi|Đà Nẵng|Đắk Nông,25,36.864666666666665,0.64,22.04,0.08,5.0,2
WATCH,G2#2,LAST2,tail,D-3,180,6,ALL,24,36.57777777777778,0.625,21.500000000000004,0.08333333333333333,5.333333333333333,2
WATCH,G2#2,P4P5,adjacent_pair,D-3,180,6,ALL,24,36.57777777777778,0.625,21.500000000000004,0.08333333333333333,5.333333333333333,2
WATCH,G2#1,P4P3,adjacent_pair,D-2,180,0,ALL,25,36.066,0.52,21.68,0.08,6.0,1
WATCH,DB#1,SUM_UNIT_PAIR,sum,D-2,180,5,ALL,24,35.516666666666666,0.5833333333333334,16.33333333333334,0.125,9.5,2
WATCH,DB#1,SUM_UNIT_PAIR,sum,D-2,180,,Quảng Ngãi|Đà Nẵng|Đắk Nông,24,35.516666666666666,0.5833333333333334,16.33333333333334,0.125,9.5,2
WATCH,G2#2,P3P4,adjacent_pair,D-3,180,2,ALL,26,35.31538461538461,0.5384615384615384,23.846153846153843,0.038461538461538464,1.8461538461538463,2
WATCH,G2#2,P3P4,adjacent_pair,D-3,180,,Khánh Hòa|Đà Nẵng,26,35.31538461538461,0.5384615384615384,23.846153846153843,0.038461538461538464,1.8461538461538463,2
WATCH,DB#1,P4P2,pos_pair,D-2,180,1,ALL,26,35.19230769230769,0.5,19.576923076923077,0.07692307692307693,5.6923076923076925,2
WATCH,G2#1,P5P1,pos_pair,D-2,180,1,ALL,26,35.19230769230769,0.5,19.576923076923077,0.07692307692307693,5.6923076923076925,2
WATCH,G2#1,TAIL_HEAD,head_tail,D-2,180,1,ALL,26,35.19230769230769,0.5,19.576923076923077,0.07692307692307693,5.6923076923076925,2
WATCH,DB#1,P4P2,pos_pair,D-2,180,,Quảng Nam|Đắk Lắk,26,35.19230769230769,0.5,19.576923076923077,0.07692307692307693,5.6923076923076925,2
WATCH,G2#1,P5P1,pos_pair,D-2,180,,Quảng Nam|Đắk Lắk,26,35.19230769230769,0.5,19.576923076923077,0.07692307692307693,5.6923076923076925,2
WATCH,G2#1,TAIL_HEAD,head_tail,D-2,180,,Quảng Nam|Đắk Lắk,26,35.19230769230769,0.5,19.576923076923077,0.07692307692307693,5.6923076923076925,2
WATCH,G2#2,P4P1,pos_pair,D-3,180,6,ALL,24,34.716666666666676,0.5833333333333334,17.33333333333334,0.125,9.5,1
WATCH,G2#1,FIRST2_REV,head,D-1,180,5,ALL,26,33.789743589743594,0.5384615384615384,11.846153846153845,0.15384615384615385,12.384615384615385,2
WATCH,G2#1,P2P1,adjacent_pair,D-1,180,5,ALL,26,33.789743589743594,0.5384615384615384,11.846153846153845,0.15384615384615385,12.384615384615385,2
WATCH,G2#1,FIRST2_REV,head,D-1,180,,Quảng Ngãi|Đà Nẵng|Đắk Nông,26,33.789743589743594,0.5384615384615384,11.846153846153845,0.15384615384615385,12.384615384615385,2
WATCH,G2#1,P2P1,adjacent_pair,D-1,180,,Quảng Ngãi|Đà Nẵng|Đắk Nông,26,33.789743589743594,0.5384615384615384,11.846153846153845,0.15384615384615385,12.384615384615385,2
WATCH,G1#1,P4P1,pos_pair,D-1,180,1,ALL,25,33.57,0.44,13.600000000000001,0.12,10.0,2
WATCH,G1#1,P4P1,pos_pair,D-1,180,,Quảng Nam|Đắk Lắk,25,33.57,0.44,13.600000000000001,0.12,10.0,2
WATCH,G2#1,P5P2,pos_pair,D-1,180,4,ALL,25,33.562,0.52,21.52,0.04,2.08,2
WATCH,G2#2,P5P3,pos_pair,D-2,180,4,ALL,25,33.562,0.44,13.52,0.12,10.08,2
WATCH,G2#1,P5P2,pos_pair,D-1,180,,Gia Lai|Ninh Thuận,25,33.562,0.52,21.52,0.04,2.08,2
WATCH,G2#2,P5P3,pos_pair,D-2,180,,Gia Lai|Ninh Thuận,25,33.562,0.44,13.52,0.12,10.08,2
WATCH,G2#1,FIRST2,head,D-1,180,6,ALL,25,33.542,0.56,15.160000000000002,0.12,9.0,2
WATCH,G2#1,P1P2,adjacent_pair,D-1,180,6,ALL,25,33.542,0.56,15.160000000000002,0.12,9.0,2
WATCH,G2#2,P5P2,pos_pair,D-1,180,5,ALL,26,33.533333333333346,0.6153846153846154,19.538461538461544,0.07692307692307693,4.6923076923076925,2
WATCH,G2#2,P5P2,pos_pair,D-1,180,,Quảng Ngãi|Đà Nẵng|Đắk Nông,26,33.533333333333346,0.6153846153846154,19.538461538461544,0.07692307692307693,4.6923076923076925,2
WATCH,G1#1,P5P2,pos_pair,D-1,180,6,ALL,25,33.40866666666666,0.6,19.159999999999993,0.08,5.0,2
WATCH,G2#2,FIRST2,head,D-1,180,5,ALL,26,33.40512820512821,0.6538461538461539,23.384615384615387,0.038461538461538464,0.8461538461538461,2
WATCH,G2#2,P1P2,adjacent_pair,D-1,180,5,ALL,26,33.40512820512821,0.6538461538461539,23.384615384615387,0.038461538461538464,0.8461538461538461,2
WATCH,G2#2,FIRST2,head,D-1,180,,Quảng Ngãi|Đà Nẵng|Đắk Nông,26,33.40512820512821,0.6538461538461539,23.384615384615387,0.038461538461538464,0.8461538461538461,2
WATCH,G2#2,P1P2,adjacent_pair,D-1,180,,Quảng Ngãi|Đà Nẵng|Đắk Nông,26,33.40512820512821,0.6538461538461539,23.384615384615387,0.038461538461538464,0.8461538461538461,2
WATCH,G1#1,SUM_UNIT_PAIR,sum,D-2,180,6,ALL,25,33.27533333333333,0.64,23.159999999999997,0.04,1.0000000000000002,2
WATCH,G2#2,P2P4,pos_pair,D-2,180,0,ALL,25,33.26599999999999,0.48,17.679999999999996,0.08,6.0,2
WATCH,G2#2,P3P2,adjacent_pair,D-1,180,0,ALL,25,33.26599999999999,0.48,17.679999999999996,0.08,6.0,2
WATCH,G2#2,P5P1,pos_pair,D-3,180,0,ALL,25,33.26599999999999,0.48,17.679999999999996,0.08,6.0,2
WATCH,G2#2,TAIL_HEAD,head_tail,D-3,180,0,ALL,25,33.26599999999999,0.48,17.679999999999996,0.08,6.0,2
WATCH,G2#1,P1P4,pos_pair,D-1,180,2,ALL,25,33.202,0.52,21.96,0.04,2.0,2
WATCH,G2#1,P1P4,pos_pair,D-1,180,,Khánh Hòa|Đà Nẵng,25,33.202,0.52,21.96,0.04,2.0,2
WATCH,G2#2,P4P1,pos_pair,D-1,180,1,ALL,25,33.17,0.48,17.599999999999998,0.08,6.0,2
WATCH,G2#2,P4P1,pos_pair,D-1,180,,Quảng Nam|Đắk Lắk,25,33.17,0.48,17.599999999999998,0.08,6.0,2
WATCH,DB#1,HEAD_TAIL,head_tail,D-2,180,4,ALL,25,33.16199999999999,0.48,17.519999999999996,0.08,6.080000000000001,2
WATCH,DB#1,P1P5,pos_pair,D-2,180,4,ALL,25,33.16199999999999,0.48,17.519999999999996,0.08,6.080000000000001,2
WATCH,DB#1,HEAD_TAIL,head_tail,D-2,180,,Gia Lai|Ninh Thuận,25,33.16199999999999,0.48,17.519999999999996,0.08,6.080000000000001,2
WATCH,DB#1,P1P5,pos_pair,D-2,180,,Gia Lai|Ninh Thuận,25,33.16199999999999,0.48,17.519999999999996,0.08,6.080000000000001,2
WATCH,DB#1,P3P5,pos_pair,D-1,180,0,ALL,25,32.866,0.52,21.68,0.04,2.0,2
WATCH,G2#1,LAST2,tail,D-2,180,0,ALL,25,32.866,0.52,21.68,0.04,2.0,2
WATCH,G2#1,P4P5,adjacent_pair,D-2,180,0,ALL,25,32.866,0.52,21.68,0.04,2.0,2
WATCH,DB#1,P4P3,adjacent_pair,D-2,180,2,ALL,25,32.80200000000001,0.56,25.960000000000004,0.0,-2.0,2
WATCH,DB#1,P4P3,adjacent_pair,D-2,180,,Khánh Hòa|Đà Nẵng,25,32.80200000000001,0.56,25.960000000000004,0.0,-2.0,2
WATCH,G2#1,P3P1,pos_pair,D-3,180,4,ALL,25,32.762,0.52,21.52,0.04,2.08,2
WATCH,G2#1,P3P1,pos_pair,D-3,180,,Gia Lai|Ninh Thuận,25,32.762,0.52,21.52,0.04,2.08,2
C,G1#1,SUM_UNIT_PAIR,sum,D-2,30,,ALL,30,32.56178082191781,0.4666666666666667,11.899999999999999,0.13333333333333333,10.9,2
WATCH,G1#1,SUM_UNIT_PAIR,sum,D-3,180,0,ALL,25,32.46600000000001,0.56,25.680000000000003,0.0,-2.0,2
WATCH,DB#1,P2P4,pos_pair,D-2,180,3,ALL,25,32.400666666666666,0.6,18.319999999999997,0.08,5.0,2
WATCH,DB#1,P3P2,adjacent_pair,D-1,180,3,ALL,25,32.400666666666666,0.6,18.319999999999997,0.08,5.0,2
WATCH,G2#1,FIRST2,head,D-2,180,3,ALL,25,32.400666666666666,0.6,18.319999999999997,0.08,5.0,2
WATCH,G2#1,P1P2,adjacent_pair,D-2,180,3,ALL,25,32.400666666666666,0.6,18.319999999999997,0.08,5.0,2
WATCH,DB#1,P2P4,pos_pair,D-2,180,,Bình Định|Quảng Bình|Quảng Trị,25,32.400666666666666,0.6,18.319999999999997,0.08,5.0,2
WATCH,DB#1,P3P2,adjacent_pair,D-1,180,,Bình Định|Quảng Bình|Quảng Trị,25,32.400666666666666,0.6,18.319999999999997,0.08,5.0,2
WATCH,G2#1,FIRST2,head,D-2,180,,Bình Định|Quảng Bình|Quảng Trị,25,32.400666666666666,0.6,18.319999999999997,0.08,5.0,2
WATCH,G2#1,P1P2,adjacent_pair,D-2,180,,Bình Định|Quảng Bình|Quảng Trị,25,32.400666666666666,0.6,18.319999999999997,0.08,5.0,2
WATCH,G2#1,P1P4,pos_pair,D-1,180,1,ALL,25,32.370000000000005,0.56,25.600000000000005,0.0,-2.0,2
WATCH,G2#1,P1P4,pos_pair,D-1,180,,Quảng Nam|Đắk Lắk,25,32.370000000000005,0.56,25.600000000000005,0.0,-2.0,2
WATCH,DB#1,P5P3,pos_pair,D-2,180,3,ALL,25,32.26733333333333,0.64,22.32,0.04,1.0000000000000002,2
WATCH,G2#1,LAST2_REV,tail,D-3,180,3,ALL,25,32.26733333333333,0.64,22.32,0.04,1.0000000000000002,2
WATCH,G2#1,P5P4,adjacent_pair,D-3,180,3,ALL,25,32.26733333333333,0.64,22.32,0.04,1.0000000000000002,2
WATCH,DB#1,P5P3,pos_pair,D-2,180,,Bình Định|Quảng Bình|Quảng Trị,25,32.26733333333333,0.64,22.32,0.04,1.0000000000000002,2
WATCH,G2#1,LAST2_REV,tail,D-3,180,,Bình Định|Quảng Bình|Quảng Trị,25,32.26733333333333,0.64,22.32,0.04,1.0000000000000002,2
WATCH,G2#1,P5P4,adjacent_pair,D-3,180,,Bình Định|Quảng Bình|Quảng Trị,25,32.26733333333333,0.64,22.32,0.04,1.0000000000000002,2
C,DB#1,P2P4,pos_pair,D-1,30,,ALL,30,32.13255707762556,0.5333333333333333,18.566666666666663,0.06666666666666667,4.233333333333333,2
C,DB#1,P3P4,adjacent_pair,D-1,30,,ALL,30,32.13255707762556,0.5333333333333333,18.566666666666663,0.06666666666666667,4.233333333333333,2
C,G2#1,FIRST2_REV,head,D-2,30,,ALL,30,32.13255707762556,0.5333333333333333,18.566666666666663,0.06666666666666667,4.233333333333333,2
C,G2#1,P2P1,adjacent_pair,D-2,30,,ALL,30,32.13255707762556,0.5333333333333333,18.566666666666663,0.06666666666666667,4.233333333333333,2
WATCH,G2#2,P2P5,pos_pair,D-3,180,5,ALL,25,31.93133333333333,0.64,22.04,0.04,1.0000000000000002,2
WATCH,G2#2,P2P5,pos_pair,D-3,180,,Quảng Ngãi|Đà Nẵng|Đắk Nông,25,31.93133333333333,0.64,22.04,0.04,1.0000000000000002,2
C,DB#1,SUM_UNIT_PAIR,sum,D-1,30,,ALL,30,31.917945205479448,0.5666666666666667,21.9,0.03333333333333333,0.9000000000000001,2
WATCH,G2#2,P3P1,pos_pair,D-3,180,6,ALL,24,31.577777777777786,0.5833333333333334,17.33333333333334,0.08333333333333333,5.333333333333333,2
WATCH,G1#1,P5P2,pos_pair,D-1,180,4,ALL,25,31.161999999999995,0.48,17.519999999999996,0.08,6.080000000000001,1
WATCH,G1#1,P5P2,pos_pair,D-1,180,,Gia Lai|Ninh Thuận,25,31.161999999999995,0.48,17.519999999999996,0.08,6.080000000000001,1
WATCH,G2#2,P3P1,pos_pair,D-3,180,2,ALL,26,31.08461538461539,0.46153846153846156,16.153846153846157,0.07692307692307693,5.6923076923076925,2
WATCH,G2#2,P3P1,pos_pair,D-3,180,,Khánh Hòa|Đà Nẵng,26,31.08461538461539,0.46153846153846156,16.153846153846157,0.07692307692307693,5.6923076923076925,2
A,G2#1,P4P1,pos_pair,D-1,90,,ALL,90,30.776472986748214,0.5,14.92222222222222,0.06666666666666667,4.244444444444444,2
WATCH,G2#1,LAST2_REV,tail,D-2,180,4,ALL,25,30.761999999999997,0.52,21.52,0.04,2.08,1
WATCH,G2#1,P5P4,adjacent_pair,D-2,180,4,ALL,25,30.761999999999997,0.52,21.52,0.04,2.08,1
WATCH,G2#1,LAST2_REV,tail,D-2,180,,Gia Lai|Ninh Thuận,25,30.761999999999997,0.52,21.52,0.04,2.08,1
WATCH,G2#1,P5P4,adjacent_pair,D-2,180,,Gia Lai|Ninh Thuận,25,30.761999999999997,0.52,21.52,0.04,2.08,1
