region,target_region,lane_id,isolation_tag,source_family,source_region,source_station,source_prize,source_lag,source_date,transform,rule_id,rule_lineage,rule_status,live_eligible,candidate_tail,current_day_source_available,source_pool_present,rank,top5,top10,votes,support_sources,would_save,would_break,false_promo,net,action,owner_gate,forbidden_action,isolation_status,lane_name,hit_count,false_promotion,net_effect,conversion_action,signal_present,output_committed
MT,MT,MT_RISO_019,MT_ONLY_STACK,V10626_BASELINE,MN,Sóc Trăng,G2,D-1,2026-05-25,FIRST2_REV,19,MN:Sóc Trăng:G2#1:FIRST2_REV,PRE_REGISTER_ONLY,False,,False,False,,False,False,0,{},False,False,False,0,REJECT_NO_CURRENT_SUPPORT,OWNER_REQUIRED_FOR_ANY_PROMOTION,PRODUCTION_HARD_BLOCK|OFFICIAL_COMMIT|SELECTOR_SWITCH|PROMOTE,PASS,MT_LANE_A_CONVERSION_GATE,0,False,0,REJECT_NO_CURRENT_SUPPORT,False,False
MT,MT,MT_RISO_020,MT_ONLY_STACK,V10626_BASELINE,MN,Đà Lạt,DB,D-1,2026-05-25,TAIL_HEAD,20,MN:Đà Lạt:DB#1:TAIL_HEAD,PRE_REGISTER_ONLY,False,,False,False,,False,False,0,{},False,False,False,0,REJECT_NO_CURRENT_SUPPORT,OWNER_REQUIRED_FOR_ANY_PROMOTION,PRODUCTION_HARD_BLOCK|OFFICIAL_COMMIT|SELECTOR_SWITCH|PROMOTE,PASS,MT_LANE_A_CONVERSION_GATE,0,False,0,REJECT_NO_CURRENT_SUPPORT,False,False
MT,MT,MT_RISO_021,MT_ONLY_STACK,V10626_BASELINE,MN,Kiên Giang,G2,D-1,2026-05-25,LAST2,21,MN:Kiên Giang:G2#1:LAST2,PRE_REGISTER_ONLY,False,,False,False,,False,False,0,{},False,False,False,0,REJECT_NO_CURRENT_SUPPORT,OWNER_REQUIRED_FOR_ANY_PROMOTION,PRODUCTION_HARD_BLOCK|OFFICIAL_COMMIT|SELECTOR_SWITCH|PROMOTE,PASS,MT_LANE_A_CONVERSION_GATE,0,False,0,REJECT_NO_CURRENT_SUPPORT,False,False
MT,MT,MT_RISO_022,MT_ONLY_STACK,V10626_BASELINE,MN,TP. HCM,G2,D-1,2026-05-25,TAIL_HEAD,22,MN:TP. HCM:G2#2:TAIL_HEAD,PRE_REGISTER_ONLY,False,,False,False,,False,False,0,{},False,False,False,0,REJECT_NO_CURRENT_SUPPORT,OWNER_REQUIRED_FOR_ANY_PROMOTION,PRODUCTION_HARD_BLOCK|OFFICIAL_COMMIT|SELECTOR_SWITCH|PROMOTE,PASS,MT_LANE_A_CONVERSION_GATE,0,False,0,REJECT_NO_CURRENT_SUPPORT,False,False
MT,MT,MT_RISO_023,MT_ONLY_STACK,V10626_BASELINE,MN,TP. HCM,G2,D-1,2026-05-25,P4P1,23,MN:TP. HCM:G2#2:P4P1,PRE_REGISTER_ONLY,False,,False,False,,False,False,0,{},False,False,False,0,REJECT_NO_CURRENT_SUPPORT,OWNER_REQUIRED_FOR_ANY_PROMOTION,PRODUCTION_HARD_BLOCK|OFFICIAL_COMMIT|SELECTOR_SWITCH|PROMOTE,PASS,MT_LANE_A_CONVERSION_GATE,0,False,0,REJECT_NO_CURRENT_SUPPORT,False,False
MT,MT,MT_RISO_024,MT_ONLY_STACK,V10626_BASELINE,MN,Vũng Tàu,G2,D-1,2026-05-25,HEAD_TAIL,24,MN:Vũng Tàu:G2#1:HEAD_TAIL,PRE_REGISTER_ONLY,False,,False,False,,False,False,0,{},False,False,False,0,REJECT_NO_CURRENT_SUPPORT,OWNER_REQUIRED_FOR_ANY_PROMOTION,PRODUCTION_HARD_BLOCK|OFFICIAL_COMMIT|SELECTOR_SWITCH|PROMOTE,PASS,MT_LANE_A_CONVERSION_GATE,0,False,0,REJECT_NO_CURRENT_SUPPORT,False,False
MT,MT,MT_RISO_025,MT_ONLY_STACK,V10626_BASELINE,MN,Cà Mau,G2,D-1,2026-05-25,HEAD_TAIL,25,MN:Cà Mau:G2#1:HEAD_TAIL,PRE_REGISTER_ONLY,False,,False,False,,False,False,0,{},False,False,False,0,REJECT_NO_CURRENT_SUPPORT,OWNER_REQUIRED_FOR_ANY_PROMOTION,PRODUCTION_HARD_BLOCK|OFFICIAL_COMMIT|SELECTOR_SWITCH|PROMOTE,PASS,MT_LANE_A_CONVERSION_GATE,0,False,0,REJECT_NO_CURRENT_SUPPORT,False,False
MT,MT,MT_RISO_026,MT_ONLY_STACK,V10626_BASELINE,MN,Hậu Giang,G2,D-1,2026-05-25,FIRST2_REV,26,MN:Hậu Giang:G2#1:FIRST2_REV,PRE_REGISTER_ONLY,False,,False,False,,False,False,0,{},False,False,False,0,REJECT_NO_CURRENT_SUPPORT,OWNER_REQUIRED_FOR_ANY_PROMOTION,PRODUCTION_HARD_BLOCK|OFFICIAL_COMMIT|SELECTOR_SWITCH|PROMOTE,PASS,MT_LANE_A_CONVERSION_GATE,0,False,0,REJECT_NO_CURRENT_SUPPORT,False,False
MT,MT,MT_RISO_027,MT_ONLY_STACK,V10626_BASELINE,MN,Bến Tre,DB,D-1,2026-05-25,LAST2,27,MN:Bến Tre:DB#1:LAST2,PRE_REGISTER_ONLY,False,,False,False,,False,False,0,{},False,False,False,0,REJECT_NO_CURRENT_SUPPORT,OWNER_REQUIRED_FOR_ANY_PROMOTION,PRODUCTION_HARD_BLOCK|OFFICIAL_COMMIT|SELECTOR_SWITCH|PROMOTE,PASS,MT_LANE_A_CONVERSION_GATE,0,False,0,REJECT_NO_CURRENT_SUPPORT,False,False
MT,MT,MT_RISO_028,MT_ONLY_STACK,V10626_BASELINE,MN,Cà Mau,DB,D-1,2026-05-25,FIRST2,28,MN:Cà Mau:DB#1:FIRST2,PRE_REGISTER_ONLY,False,,False,False,,False,False,0,{},False,False,False,0,REJECT_NO_CURRENT_SUPPORT,OWNER_REQUIRED_FOR_ANY_PROMOTION,PRODUCTION_HARD_BLOCK|OFFICIAL_COMMIT|SELECTOR_SWITCH|PROMOTE,PASS,MT_LANE_A_CONVERSION_GATE,0,False,0,REJECT_NO_CURRENT_SUPPORT,False,False
MT,MT,MT_RISO_029,MT_ONLY_STACK,V10626_BASELINE,MN,Cà Mau,DB,D-1,2026-05-25,FIRST2,29,MN:Cà Mau:DB#1:FIRST2,PRE_REGISTER_ONLY,False,,False,False,,False,False,0,{},False,False,False,0,REJECT_NO_CURRENT_SUPPORT,OWNER_REQUIRED_FOR_ANY_PROMOTION,PRODUCTION_HARD_BLOCK|OFFICIAL_COMMIT|SELECTOR_SWITCH|PROMOTE,PASS,MT_LANE_A_CONVERSION_GATE,0,False,0,REJECT_NO_CURRENT_SUPPORT,False,False
MT,MT,MT_RISO_030,MT_ONLY_STACK,V10626_BASELINE,MN,Vĩnh Long,G2,D-1,2026-05-25,FIRST2_REV,30,MN:Vĩnh Long:G2#2:FIRST2_REV,PRE_REGISTER_ONLY,False,,False,False,,False,False,0,{},False,False,False,0,REJECT_NO_CURRENT_SUPPORT,OWNER_REQUIRED_FOR_ANY_PROMOTION,PRODUCTION_HARD_BLOCK|OFFICIAL_COMMIT|SELECTOR_SWITCH|PROMOTE,PASS,MT_LANE_A_CONVERSION_GATE,0,False,0,REJECT_NO_CURRENT_SUPPORT,False,False
MT,MT,MT_RISO_031,MT_ONLY_STACK,V10626_BASELINE,MN,Bến Tre,DB,D-1,2026-05-25,LAST2,31,MN:Bến Tre:DB#1:LAST2,PRE_REGISTER_ONLY,False,,False,False,,False,False,0,{},False,False,False,0,REJECT_NO_CURRENT_SUPPORT,OWNER_REQUIRED_FOR_ANY_PROMOTION,PRODUCTION_HARD_BLOCK|OFFICIAL_COMMIT|SELECTOR_SWITCH|PROMOTE,PASS,MT_LANE_A_CONVERSION_GATE,0,False,0,REJECT_NO_CURRENT_SUPPORT,False,False
MT,MT,MT_RISO_032,MT_ONLY_STACK,V10626_BASELINE,MN,Cà Mau,DB,D-1,2026-05-25,FIRST2,32,MN:Cà Mau:DB#1:FIRST2,PRE_REGISTER_ONLY,False,,False,False,,False,False,0,{},False,False,False,0,REJECT_NO_CURRENT_SUPPORT,OWNER_REQUIRED_FOR_ANY_PROMOTION,PRODUCTION_HARD_BLOCK|OFFICIAL_COMMIT|SELECTOR_SWITCH|PROMOTE,PASS,MT_LANE_A_CONVERSION_GATE,0,False,0,REJECT_NO_CURRENT_SUPPORT,False,False
MT,MT,MT_RISO_033,MT_ONLY_STACK,V10626_BASELINE,MN,Vĩnh Long,G2,D-1,2026-05-25,FIRST2_REV,33,MN:Vĩnh Long:G2#2:FIRST2_REV,PRE_REGISTER_ONLY,False,,False,False,,False,False,0,{},False,False,False,0,REJECT_NO_CURRENT_SUPPORT,OWNER_REQUIRED_FOR_ANY_PROMOTION,PRODUCTION_HARD_BLOCK|OFFICIAL_COMMIT|SELECTOR_SWITCH|PROMOTE,PASS,MT_LANE_A_CONVERSION_GATE,0,False,0,REJECT_NO_CURRENT_SUPPORT,False,False
MT,MT,MT_RISO_034,MT_ONLY_STACK,V10626_BASELINE,MN,Vĩnh Long,G2,D-1,2026-05-25,FIRST2_REV,34,MN:Vĩnh Long:G2#2:FIRST2_REV,PRE_REGISTER_ONLY,False,,False,False,,False,False,0,{},False,False,False,0,REJECT_NO_CURRENT_SUPPORT,OWNER_REQUIRED_FOR_ANY_PROMOTION,PRODUCTION_HARD_BLOCK|OFFICIAL_COMMIT|SELECTOR_SWITCH|PROMOTE,PASS,MT_LANE_A_CONVERSION_GATE,0,False,0,REJECT_NO_CURRENT_SUPPORT,False,False
MT,MT,MT_RISO_035,MT_ONLY_STACK,V10626_BASELINE,MN,Kiên Giang,G1,D-1,2026-05-25,FIRST2,35,MN:Kiên Giang:G1#1:FIRST2,PRE_REGISTER_ONLY,False,,False,False,,False,False,0,{},False,False,False,0,REJECT_NO_CURRENT_SUPPORT,OWNER_REQUIRED_FOR_ANY_PROMOTION,PRODUCTION_HARD_BLOCK|OFFICIAL_COMMIT|SELECTOR_SWITCH|PROMOTE,PASS,MT_LANE_A_CONVERSION_GATE,0,False,0,REJECT_NO_CURRENT_SUPPORT,False,False
MT,MT,MT_RISO_036,MT_ONLY_STACK,V10626_BASELINE,MN,Vĩnh Long,G2,D-1,2026-05-25,FIRST2_REV,36,MN:Vĩnh Long:G2#2:FIRST2_REV,PRE_REGISTER_ONLY,False,,False,False,,False,False,0,{},False,False,False,0,REJECT_NO_CURRENT_SUPPORT,OWNER_REQUIRED_FOR_ANY_PROMOTION,PRODUCTION_HARD_BLOCK|OFFICIAL_COMMIT|SELECTOR_SWITCH|PROMOTE,PASS,MT_LANE_A_CONVERSION_GATE,0,False,0,REJECT_NO_CURRENT_SUPPORT,False,False
MT,MT,MT_RISO_037,MT_ONLY_STACK,V10626_BASELINE,MN,Kiên Giang,G1,D-1,2026-05-25,FIRST2,37,MN:Kiên Giang:G1#1:FIRST2,PRE_REGISTER_ONLY,False,,False,False,,False,False,0,{},False,False,False,0,REJECT_NO_CURRENT_SUPPORT,OWNER_REQUIRED_FOR_ANY_PROMOTION,PRODUCTION_HARD_BLOCK|OFFICIAL_COMMIT|SELECTOR_SWITCH|PROMOTE,PASS,MT_LANE_A_CONVERSION_GATE,0,False,0,REJECT_NO_CURRENT_SUPPORT,False,False
MT,MT,MT_RISO_038,MT_ONLY_STACK,V10626_BASELINE,MN,Cà Mau,G2,D-1,2026-05-25,LAST2_REV,38,MN:Cà Mau:G2#2:LAST2_REV,PRE_REGISTER_ONLY,False,,False,False,,False,False,0,{},False,False,False,0,REJECT_NO_CURRENT_SUPPORT,OWNER_REQUIRED_FOR_ANY_PROMOTION,PRODUCTION_HARD_BLOCK|OFFICIAL_COMMIT|SELECTOR_SWITCH|PROMOTE,PASS,MT_LANE_A_CONVERSION_GATE,0,False,0,REJECT_NO_CURRENT_SUPPORT,False,False
MT,MT,MT_RISO_039,MT_ONLY_STACK,V10626_FU4_MB_G4_G6_G7,MB,MB_BOARD,G4,D-1,2026-05-25,HEAD_SECOND_LAST,39,MB:MB_BOARD:G4#3:HEAD_SECOND_LAST,PRE_REGISTER_ONLY,False,,False,False,,False,False,0,{},False,False,False,0,REJECT_NO_CURRENT_SUPPORT,OWNER_REQUIRED_FOR_ANY_PROMOTION,PRODUCTION_HARD_BLOCK|OFFICIAL_COMMIT|SELECTOR_SWITCH|PROMOTE,PASS,MT_LANE_A_CONVERSION_GATE,0,False,0,REJECT_NO_CURRENT_SUPPORT,False,False
MT,MT,MT_RISO_040,MT_ONLY_STACK,V10626_FU4_MB_G4_G6_G7,MB,MB_BOARD,G4,D-1,2026-05-25,P1P3,40,MB:MB_BOARD:G4#3:P1P3,PRE_REGISTER_ONLY,False,,False,False,,False,False,0,{},False,False,False,0,REJECT_NO_CURRENT_SUPPORT,OWNER_REQUIRED_FOR_ANY_PROMOTION,PRODUCTION_HARD_BLOCK|OFFICIAL_COMMIT|SELECTOR_SWITCH|PROMOTE,PASS,MT_LANE_A_CONVERSION_GATE,0,False,0,REJECT_NO_CURRENT_SUPPORT,False,False
MT,MT,MT_RISO_041,MT_ONLY_STACK,V10626_FU4_MB_G4_G6_G7,MB,MB_BOARD,G7,D-1,2026-05-25,LAST2_REV,41,MB:MB_BOARD:G7#3:LAST2_REV,PRE_REGISTER_ONLY,False,,False,False,,False,False,0,{},False,False,False,0,REJECT_NO_CURRENT_SUPPORT,OWNER_REQUIRED_FOR_ANY_PROMOTION,PRODUCTION_HARD_BLOCK|OFFICIAL_COMMIT|SELECTOR_SWITCH|PROMOTE,PASS,MT_LANE_A_CONVERSION_GATE,0,False,0,REJECT_NO_CURRENT_SUPPORT,False,False
MT,MT,MT_RISO_042,MT_ONLY_STACK,V10626_FU4_MB_G4_G6_G7,MB,MB_BOARD,G4,D-1,2026-05-25,HEAD_SECOND_LAST,42,MB:MB_BOARD:G4#3:HEAD_SECOND_LAST,PRE_REGISTER_ONLY,False,,False,False,,False,False,0,{},False,False,False,0,REJECT_NO_CURRENT_SUPPORT,OWNER_REQUIRED_FOR_ANY_PROMOTION,PRODUCTION_HARD_BLOCK|OFFICIAL_COMMIT|SELECTOR_SWITCH|PROMOTE,PASS,MT_LANE_A_CONVERSION_GATE,0,False,0,REJECT_NO_CURRENT_SUPPORT,False,False
MT,MT,MT_RISO_043,MT_ONLY_STACK,V10626_FU4_MB_G4_G6_G7,MB,MB_BOARD,G6,D-1,2026-05-25,TAIL_HEAD,43,MB:MB_BOARD:G6#3:TAIL_HEAD,PRE_REGISTER_ONLY,False,,False,False,,False,False,0,{},False,False,False,0,REJECT_NO_CURRENT_SUPPORT,OWNER_REQUIRED_FOR_ANY_PROMOTION,PRODUCTION_HARD_BLOCK|OFFICIAL_COMMIT|SELECTOR_SWITCH|PROMOTE,PASS,MT_LANE_A_CONVERSION_GATE,0,False,0,REJECT_NO_CURRENT_SUPPORT,False,False
MT,MT,MT_RISO_044,MT_ONLY_STACK,V10626_FU4_MB_G4_G6_G7,MB,MB_BOARD,G6,D-1,2026-05-25,P3P1,44,MB:MB_BOARD:G6#3:P3P1,PRE_REGISTER_ONLY,False,,False,False,,False,False,0,{},False,False,False,0,REJECT_NO_CURRENT_SUPPORT,OWNER_REQUIRED_FOR_ANY_PROMOTION,PRODUCTION_HARD_BLOCK|OFFICIAL_COMMIT|SELECTOR_SWITCH|PROMOTE,PASS,MT_LANE_A_CONVERSION_GATE,0,False,0,REJECT_NO_CURRENT_SUPPORT,False,False
MT,MT,MT_RISO_070,MT_ONLY_STACK,V10626_19_NEW_CANDIDATE_RULES,MT,Đà Nẵng,G1,D-2,2026-05-24,P3P4,70,MT<-MT:Đà Nẵng:G1#1:P3P4:D-2,PRE_REGISTER_ONLY,False,,False,False,,False,False,0,{},False,False,False,0,REJECT_NO_CURRENT_SUPPORT,OWNER_REQUIRED_FOR_ANY_PROMOTION,PRODUCTION_HARD_BLOCK|OFFICIAL_COMMIT|SELECTOR_SWITCH|PROMOTE,PASS,MT_LANE_A_CONVERSION_GATE,0,False,0,REJECT_NO_CURRENT_SUPPORT,False,False
MT,MT,MT_RISO_071,MT_ONLY_STACK,V10626_19_NEW_CANDIDATE_RULES,MT,Khánh Hòa,DB,W-4,2026-04-28,LAST2,71,MT<-MT:Khánh Hòa:DB#1:LAST2:W-4,PRE_REGISTER_ONLY,False,,False,False,,False,False,0,{},False,False,False,0,REJECT_NO_CURRENT_SUPPORT,OWNER_REQUIRED_FOR_ANY_PROMOTION,PRODUCTION_HARD_BLOCK|OFFICIAL_COMMIT|SELECTOR_SWITCH|PROMOTE,PASS,MT_LANE_A_CONVERSION_GATE,0,False,0,REJECT_NO_CURRENT_SUPPORT,False,False
MT,MT,MT_RISO_072,MT_ONLY_STACK,V10626_19_NEW_CANDIDATE_RULES,MT,Huế,DB,D-3,2026-05-23,LAST2_REV,72,MT<-MT:Huế:DB#1:LAST2_REV:D-3,PRE_REGISTER_ONLY,False,,False,False,,False,False,0,{},False,False,False,0,REJECT_NO_CURRENT_SUPPORT,OWNER_REQUIRED_FOR_ANY_PROMOTION,PRODUCTION_HARD_BLOCK|OFFICIAL_COMMIT|SELECTOR_SWITCH|PROMOTE,PASS,MT_LANE_A_CONVERSION_GATE,0,False,0,REJECT_NO_CURRENT_SUPPORT,False,False
MT,MT,MT_RISO_073,MT_ONLY_STACK,V10626_19_NEW_CANDIDATE_RULES,MT,Huế,G1,W-4,2026-04-28,SECOND_HEAD_TAIL,73,MT<-MT:Huế:G1#1:SECOND_HEAD_TAIL:W-4,PRE_REGISTER_ONLY,False,,False,False,,False,False,0,{},False,False,False,0,REJECT_NO_CURRENT_SUPPORT,OWNER_REQUIRED_FOR_ANY_PROMOTION,PRODUCTION_HARD_BLOCK|OFFICIAL_COMMIT|SELECTOR_SWITCH|PROMOTE,PASS,MT_LANE_A_CONVERSION_GATE,0,False,0,REJECT_NO_CURRENT_SUPPORT,False,False
MT,MT,MT_RISO_074,MT_ONLY_STACK,V10626_19_NEW_CANDIDATE_RULES,MT,Huế,G8,W-4,2026-04-28,LAST2,74,MT<-MT:Huế:G8#1:LAST2:W-4,PRE_REGISTER_ONLY,False,,False,False,,False,False,0,{},False,False,False,0,REJECT_NO_CURRENT_SUPPORT,OWNER_REQUIRED_FOR_ANY_PROMOTION,PRODUCTION_HARD_BLOCK|OFFICIAL_COMMIT|SELECTOR_SWITCH|PROMOTE,PASS,MT_LANE_A_CONVERSION_GATE,0,False,0,REJECT_NO_CURRENT_SUPPORT,False,False
MT,MT,MT_RISO_075,MT_ONLY_STACK,V10626_19_NEW_CANDIDATE_RULES,MT,Đà Nẵng,G8,W-4,2026-04-28,LAST2_REV,75,MT<-MT:Đà Nẵng:G8#1:LAST2_REV:W-4,PRE_REGISTER_ONLY,False,,False,False,,False,False,0,{},False,False,False,0,REJECT_NO_CURRENT_SUPPORT,OWNER_REQUIRED_FOR_ANY_PROMOTION,PRODUCTION_HARD_BLOCK|OFFICIAL_COMMIT|SELECTOR_SWITCH|PROMOTE,PASS,MT_LANE_A_CONVERSION_GATE,0,False,0,REJECT_NO_CURRENT_SUPPORT,False,False
MT,MT,MT_RISO_076,MT_ONLY_STACK,V10626_19_NEW_CANDIDATE_RULES,MT,Huế,G7,D-3,2026-05-23,LAST2_REV,76,MT<-MT:Huế:G7#1:LAST2_REV:D-3,PRE_REGISTER_ONLY,False,,False,False,,False,False,0,{},False,False,False,0,REJECT_NO_CURRENT_SUPPORT,OWNER_REQUIRED_FOR_ANY_PROMOTION,PRODUCTION_HARD_BLOCK|OFFICIAL_COMMIT|SELECTOR_SWITCH|PROMOTE,PASS,MT_LANE_A_CONVERSION_GATE,0,False,0,REJECT_NO_CURRENT_SUPPORT,False,False
MT,MT,MT_RISO_077,MT_ONLY_STACK,V10626_19_NEW_CANDIDATE_RULES,MT,Khánh Hòa,G7,D-3,2026-05-23,LAST2,77,MT<-MT:Khánh Hòa:G7#1:LAST2:D-3,PRE_REGISTER_ONLY,False,,False,False,,False,False,0,{},False,False,False,0,REJECT_NO_CURRENT_SUPPORT,OWNER_REQUIRED_FOR_ANY_PROMOTION,PRODUCTION_HARD_BLOCK|OFFICIAL_COMMIT|SELECTOR_SWITCH|PROMOTE,PASS,MT_LANE_A_CONVERSION_GATE,0,False,0,REJECT_NO_CURRENT_SUPPORT,False,False
